dataset,task,model,feature_set,metric,fold,value,n_features_added
churn,classification,logreg,baseline,accuracy,0,0.8119233498935415,0
churn,classification,logreg,baseline,accuracy,1,0.8090844570617459,0
churn,classification,logreg,baseline,accuracy,2,0.8197303051809794,0
churn,classification,logreg,baseline,accuracy,3,0.7904829545454546,0
churn,classification,logreg,baseline,accuracy,4,0.7954545454545454,0
churn,classification,logreg,baseline,f1,0,0.6197991391678622,0
churn,classification,logreg,baseline,f1,1,0.6151645207439199,0
churn,classification,logreg,baseline,f1,2,0.6308139534883721,0
churn,classification,logreg,baseline,f1,3,0.5603576751117735,0
churn,classification,logreg,baseline,f1,4,0.5777126099706745,0
churn,classification,logreg,baseline,roc_auc,0,0.8544950786638766,0
churn,classification,logreg,baseline,roc_auc,1,0.8454752124828852,0
churn,classification,logreg,baseline,roc_auc,2,0.8635976129582267,0
churn,classification,logreg,baseline,roc_auc,3,0.825360376112212,0
churn,classification,logreg,baseline,roc_auc,4,0.8364135437892407,0
churn,classification,random_forest,baseline,accuracy,0,0.7934705464868701,0
churn,classification,random_forest,baseline,accuracy,1,0.7927608232789212,0
churn,classification,random_forest,baseline,accuracy,2,0.7920511000709723,0
churn,classification,random_forest,baseline,accuracy,3,0.7755681818181818,0
churn,classification,random_forest,baseline,accuracy,4,0.7784090909090909,0
churn,classification,random_forest,baseline,f1,0,0.5726872246696035,0
churn,classification,random_forest,baseline,f1,1,0.5615615615615616,0
churn,classification,random_forest,baseline,f1,2,0.56071964017991,0
churn,classification,random_forest,baseline,f1,3,0.5093167701863354,0
churn,classification,random_forest,baseline,f1,4,0.5185185185185185,0
churn,classification,random_forest,baseline,roc_auc,0,0.8329522849983209,0
churn,classification,random_forest,baseline,roc_auc,1,0.8196943863184274,0
churn,classification,random_forest,baseline,roc_auc,2,0.8355731225296442,0
churn,classification,random_forest,baseline,roc_auc,3,0.8047078784111072,0
churn,classification,random_forest,baseline,roc_auc,4,0.8156282646696801,0
churn,classification,xgboost,baseline,accuracy,0,0.8055358410220014,0
churn,classification,xgboost,baseline,accuracy,1,0.7892122072391767,0
churn,classification,xgboost,baseline,accuracy,2,0.8005677785663591,0
churn,classification,xgboost,baseline,accuracy,3,0.7734375,0
churn,classification,xgboost,baseline,accuracy,4,0.7926136363636364,0
churn,classification,xgboost,baseline,f1,0,0.6005830903790087,0
churn,classification,xgboost,baseline,f1,1,0.5738880918220947,0
churn,classification,xgboost,baseline,f1,2,0.5897810218978102,0
churn,classification,xgboost,baseline,f1,3,0.5245901639344263,0
churn,classification,xgboost,baseline,f1,4,0.5654761904761905,0
churn,classification,xgboost,baseline,roc_auc,0,0.8456470071559585,0
churn,classification,xgboost,baseline,roc_auc,1,0.8224366426412463,0
churn,classification,xgboost,baseline,roc_auc,2,0.8392350616135782,0
churn,classification,xgboost,baseline,roc_auc,3,0.8162450946108716,0
churn,classification,xgboost,baseline,roc_auc,4,0.8289713898571561,0
housing,regression,logreg,baseline,rmse,0,29026.09797276253,0
housing,regression,logreg,baseline,rmse,1,33431.493020787195,0
housing,regression,logreg,baseline,rmse,2,24781.60958902495,0
housing,regression,logreg,baseline,rmse,3,30578.93259272523,0
housing,regression,logreg,baseline,rmse,4,23686.688791751614,0
housing,regression,logreg,baseline,mae,0,16513.59453552417,0
housing,regression,logreg,baseline,mae,1,15994.031417742071,0
housing,regression,logreg,baseline,mae,2,16045.794754652848,0
housing,regression,logreg,baseline,mae,3,16498.973616581436,0
housing,regression,logreg,baseline,mae,4,15577.85181794373,0
housing,regression,logreg,baseline,r2,0,0.8949162049563179,0
housing,regression,logreg,baseline,r2,1,0.8015183385854586,0
housing,regression,logreg,baseline,r2,2,0.906654622675268,0
housing,regression,logreg,baseline,r2,3,0.8416013608692728,0
housing,regression,logreg,baseline,r2,4,0.9008297319375064,0
housing,regression,random_forest,baseline,rmse,0,26994.96608733947,0
housing,regression,random_forest,baseline,rmse,1,25018.438776870637,0
housing,regression,random_forest,baseline,rmse,2,25807.38051883749,0
housing,regression,random_forest,baseline,rmse,3,26656.26170881282,0
housing,regression,random_forest,baseline,rmse,4,23175.23169428684,0
housing,regression,random_forest,baseline,mae,0,15793.40026450512,0
housing,regression,random_forest,baseline,mae,1,15142.775519665203,0
housing,regression,random_forest,baseline,mae,2,16167.128759954494,0
housing,regression,random_forest,baseline,mae,3,15784.197064846418,0
housing,regression,random_forest,baseline,mae,4,15243.12372866894,0
housing,regression,random_forest,baseline,r2,0,0.90910834580142,0
housing,regression,random_forest,baseline,r2,1,0.8888449362554763,0
housing,regression,random_forest,baseline,r2,2,0.8987671078080607,0
housing,regression,random_forest,baseline,r2,3,0.8796335948542526,0
housing,regression,random_forest,baseline,r2,4,0.905066181804307,0
housing,regression,xgboost,baseline,rmse,0,24580.9453125,0
housing,regression,xgboost,baseline,rmse,1,23988.185546875,0
housing,regression,xgboost,baseline,rmse,2,23992.884765625,0
housing,regression,xgboost,baseline,rmse,3,23833.75,0
housing,regression,xgboost,baseline,rmse,4,20746.01953125,0
housing,regression,xgboost,baseline,mae,0,14616.5322265625,0
housing,regression,xgboost,baseline,mae,1,14296.7109375,0
housing,regression,xgboost,baseline,mae,2,14533.162109375,0
housing,regression,xgboost,baseline,mae,3,14240.822265625,0
housing,regression,xgboost,baseline,mae,4,13374.646484375,0
housing,regression,xgboost,baseline,r2,0,0.9246374368667604,0
housing,regression,xgboost,baseline,r2,1,0.8978111147880554,0
housing,regression,xgboost,baseline,r2,2,0.912501871585846,0
housing,regression,xgboost,baseline,r2,3,0.9037742018699646,0
housing,regression,xgboost,baseline,r2,4,0.9239249229431152,0
bank,classification,logreg,baseline,accuracy,0,0.896091284292304,0
bank,classification,logreg,baseline,accuracy,1,0.900825443068706,0
bank,classification,logreg,baseline,accuracy,2,0.9053168244719592,0
bank,classification,logreg,baseline,accuracy,3,0.8994779652786209,0
bank,classification,logreg,baseline,accuracy,4,0.8988709481607381,0
bank,classification,logreg,baseline,f1,0,0.2890365448504983,0
bank,classification,logreg,baseline,f1,1,0.3405972558514931,0
bank,classification,logreg,baseline,f1,2,0.3981481481481481,0
bank,classification,logreg,baseline,f1,3,0.3428571428571428,0
bank,classification,logreg,baseline,f1,4,0.327683615819209,0
bank,classification,logreg,baseline,roc_auc,0,0.7885711000518894,0
bank,classification,logreg,baseline,roc_auc,1,0.7852903586254069,0
bank,classification,logreg,baseline,roc_auc,2,0.8044580522666163,0
bank,classification,logreg,baseline,roc_auc,3,0.7875806899618327,0
bank,classification,logreg,baseline,roc_auc,4,0.7919150663329574,0
bank,classification,random_forest,baseline,accuracy,0,0.8900218499635834,0
bank,classification,random_forest,baseline,accuracy,1,0.8902646273367322,0
bank,classification,random_forest,baseline,accuracy,2,0.8947560087399854,0
bank,classification,random_forest,baseline,accuracy,3,0.894621828335559,0
bank,classification,random_forest,baseline,accuracy,4,0.8934077940997937,0
bank,classification,random_forest,baseline,f1,0,0.3547008547008547,0
bank,classification,random_forest,baseline,f1,1,0.3695955369595537,0
bank,classification,random_forest,baseline,f1,2,0.4114052953156822,0
bank,classification,random_forest,baseline,f1,3,0.3817663817663818,0
bank,classification,random_forest,baseline,f1,4,0.3773049645390071,0
bank,classification,random_forest,baseline,roc_auc,0,0.7671696630737299,0
bank,classification,random_forest,baseline,roc_auc,1,0.7726103678239539,0
bank,classification,random_forest,baseline,roc_auc,2,0.7842165314401623,0
bank,classification,random_forest,baseline,roc_auc,3,0.7735382334486061,0
bank,classification,random_forest,baseline,roc_auc,4,0.7821519200466123,0
bank,classification,xgboost,baseline,accuracy,0,0.8979121145909201,0
bank,classification,xgboost,baseline,accuracy,1,0.895241563486283,0
bank,classification,xgboost,baseline,accuracy,2,0.9039815489196408,0
bank,classification,xgboost,baseline,accuracy,3,0.899720772125774,0
bank,classification,xgboost,baseline,accuracy,4,0.8989923515843147,0
bank,classification,xgboost,baseline,f1,0,0.3709798055347794,0
bank,classification,xgboost,baseline,f1,1,0.3621581670362158,0
bank,classification,xgboost,baseline,f1,2,0.4288808664259927,0
bank,classification,xgboost,baseline,f1,3,0.3732928679817905,0
bank,classification,xgboost,baseline,f1,4,0.36,0
bank,classification,xgboost,baseline,roc_auc,0,0.793058634841266,0
bank,classification,xgboost,baseline,roc_auc,1,0.7868830782112364,0
bank,classification,xgboost,baseline,roc_auc,2,0.8077974639133921,0
bank,classification,xgboost,baseline,roc_auc,3,0.7967163623260882,0
bank,classification,xgboost,baseline,roc_auc,4,0.7996153331273206,0
churn,classification,logreg,llm_gpt-4o-mini__zero_shot,accuracy,0,0.8183108587650816,7
churn,classification,logreg,llm_gpt-4o-mini__zero_shot,accuracy,1,0.8041163946061036,7
churn,classification,logreg,llm_gpt-4o-mini__zero_shot,accuracy,2,0.8119233498935415,7
churn,classification,logreg,llm_gpt-4o-mini__zero_shot,accuracy,3,0.7961647727272727,7
churn,classification,logreg,llm_gpt-4o-mini__zero_shot,accuracy,4,0.7982954545454546,7
churn,classification,logreg,llm_gpt-4o-mini__zero_shot,f1,0,0.6235294117647059,7
churn,classification,logreg,llm_gpt-4o-mini__zero_shot,f1,1,0.5892857142857143,7
churn,classification,logreg,llm_gpt-4o-mini__zero_shot,f1,2,0.6038863976083707,7
churn,classification,logreg,llm_gpt-4o-mini__zero_shot,f1,3,0.5644916540212443,7
churn,classification,logreg,llm_gpt-4o-mini__zero_shot,f1,4,0.5773809523809523,7
churn,classification,logreg,llm_gpt-4o-mini__zero_shot,roc_auc,0,0.8610232762406675,7
churn,classification,logreg,llm_gpt-4o-mini__zero_shot,roc_auc,1,0.8463070603735565,7
churn,classification,logreg,llm_gpt-4o-mini__zero_shot,roc_auc,2,0.8604562246505981,7
churn,classification,logreg,llm_gpt-4o-mini__zero_shot,roc_auc,3,0.831056455686366,7
churn,classification,logreg,llm_gpt-4o-mini__zero_shot,roc_auc,4,0.8389683902398659,7
churn,classification,random_forest,llm_gpt-4o-mini__zero_shot,accuracy,0,0.7955997161107168,7
churn,classification,random_forest,llm_gpt-4o-mini__zero_shot,accuracy,1,0.7892122072391767,7
churn,classification,random_forest,llm_gpt-4o-mini__zero_shot,accuracy,2,0.7955997161107168,7
churn,classification,random_forest,llm_gpt-4o-mini__zero_shot,accuracy,3,0.7762784090909091,7
churn,classification,random_forest,llm_gpt-4o-mini__zero_shot,accuracy,4,0.78125,7
churn,classification,random_forest,llm_gpt-4o-mini__zero_shot,f1,0,0.5739644970414202,7
churn,classification,random_forest,llm_gpt-4o-mini__zero_shot,f1,1,0.5638766519823789,7
churn,classification,random_forest,llm_gpt-4o-mini__zero_shot,f1,2,0.5636363636363636,7
churn,classification,random_forest,llm_gpt-4o-mini__zero_shot,f1,3,0.5176110260336907,7
churn,classification,random_forest,llm_gpt-4o-mini__zero_shot,f1,4,0.5319148936170213,7
churn,classification,random_forest,llm_gpt-4o-mini__zero_shot,roc_auc,0,0.8399700328089075,7
churn,classification,random_forest,llm_gpt-4o-mini__zero_shot,roc_auc,1,0.8238730011108528,7
churn,classification,random_forest,llm_gpt-4o-mini__zero_shot,roc_auc,2,0.8387519698261386,7
churn,classification,random_forest,llm_gpt-4o-mini__zero_shot,roc_auc,3,0.8098496328243385,7
churn,classification,random_forest,llm_gpt-4o-mini__zero_shot,roc_auc,4,0.8218059247613236,7
churn,classification,xgboost,llm_gpt-4o-mini__zero_shot,accuracy,0,0.794889992902768,7
churn,classification,xgboost,llm_gpt-4o-mini__zero_shot,accuracy,1,0.7913413768630234,7
churn,classification,xgboost,llm_gpt-4o-mini__zero_shot,accuracy,2,0.8055358410220014,7
churn,classification,xgboost,llm_gpt-4o-mini__zero_shot,accuracy,3,0.7840909090909091,7
churn,classification,xgboost,llm_gpt-4o-mini__zero_shot,accuracy,4,0.7982954545454546,7
churn,classification,xgboost,llm_gpt-4o-mini__zero_shot,f1,0,0.5781021897810219,7
churn,classification,xgboost,llm_gpt-4o-mini__zero_shot,f1,1,0.5859154929577465,7
churn,classification,xgboost,llm_gpt-4o-mini__zero_shot,f1,2,0.6051873198847262,7
churn,classification,xgboost,llm_gpt-4o-mini__zero_shot,f1,3,0.5529411764705883,7
churn,classification,xgboost,llm_gpt-4o-mini__zero_shot,f1,4,0.5773809523809523,7
churn,classification,xgboost,llm_gpt-4o-mini__zero_shot,roc_auc,0,0.8405771267663851,7
churn,classification,xgboost,llm_gpt-4o-mini__zero_shot,roc_auc,1,0.827345061871916,7
churn,classification,xgboost,llm_gpt-4o-mini__zero_shot,roc_auc,2,0.8437882662946601,7
churn,classification,xgboost,llm_gpt-4o-mini__zero_shot,roc_auc,3,0.823166388208934,7
churn,classification,xgboost,llm_gpt-4o-mini__zero_shot,roc_auc,4,0.8360592786437593,7
churn,classification,logreg,llm_claude-sonnet__zero_shot,accuracy,0,0.8119233498935415,7
churn,classification,logreg,llm_claude-sonnet__zero_shot,accuracy,1,0.8133427963094393,7
churn,classification,logreg,llm_claude-sonnet__zero_shot,accuracy,2,0.8112136266855926,7
churn,classification,logreg,llm_claude-sonnet__zero_shot,accuracy,3,0.7911931818181818,7
churn,classification,logreg,llm_claude-sonnet__zero_shot,accuracy,4,0.8053977272727273,7
churn,classification,logreg,llm_claude-sonnet__zero_shot,f1,0,0.6062407132243685,7
churn,classification,logreg,llm_claude-sonnet__zero_shot,f1,1,0.6068759342301944,7
churn,classification,logreg,llm_claude-sonnet__zero_shot,f1,2,0.6006006006006006,7
churn,classification,logreg,llm_claude-sonnet__zero_shot,f1,3,0.5531914893617021,7
churn,classification,logreg,llm_claude-sonnet__zero_shot,f1,4,0.5848484848484848,7
churn,classification,logreg,llm_claude-sonnet__zero_shot,roc_auc,0,0.8584037303986154,7
churn,classification,logreg,llm_claude-sonnet__zero_shot,roc_auc,1,0.8477201684362811,7
churn,classification,logreg,llm_claude-sonnet__zero_shot,roc_auc,2,0.8603761399157819,7
churn,classification,logreg,llm_claude-sonnet__zero_shot,roc_auc,3,0.8317247542448615,7
churn,classification,logreg,llm_claude-sonnet__zero_shot,roc_auc,4,0.8410008895416792,7
churn,classification,random_forest,llm_claude-sonnet__zero_shot,accuracy,0,0.794180269694819,7
churn,classification,random_forest,llm_claude-sonnet__zero_shot,accuracy,1,0.7963094393186657,7
churn,classification,random_forest,llm_claude-sonnet__zero_shot,accuracy,2,0.7977288857345636,7
churn,classification,random_forest,llm_claude-sonnet__zero_shot,accuracy,3,0.7755681818181818,7
churn,classification,random_forest,llm_claude-sonnet__zero_shot,accuracy,4,0.7748579545454546,7
churn,classification,random_forest,llm_claude-sonnet__zero_shot,f1,0,0.5797101449275363,7
churn,classification,random_forest,llm_claude-sonnet__zero_shot,f1,1,0.5760709010339734,7
churn,classification,random_forest,llm_claude-sonnet__zero_shot,f1,2,0.5727136431784108,7
churn,classification,random_forest,llm_claude-sonnet__zero_shot,f1,3,0.5138461538461538,7
churn,classification,random_forest,llm_claude-sonnet__zero_shot,f1,4,0.5145482388973966,7
churn,classification,random_forest,llm_claude-sonnet__zero_shot,roc_auc,0,0.8374925727866905,7
churn,classification,random_forest,llm_claude-sonnet__zero_shot,roc_auc,1,0.8219470924074505,7
churn,classification,random_forest,llm_claude-sonnet__zero_shot,roc_auc,2,0.836853186597432,7
churn,classification,random_forest,llm_claude-sonnet__zero_shot,roc_auc,3,0.810507570164873,7
churn,classification,random_forest,llm_claude-sonnet__zero_shot,roc_auc,4,0.8211736778411031,7
churn,classification,xgboost,llm_claude-sonnet__zero_shot,accuracy,0,0.7977288857345636,7
churn,classification,xgboost,llm_claude-sonnet__zero_shot,accuracy,1,0.7920511000709723,7
churn,classification,xgboost,llm_claude-sonnet__zero_shot,accuracy,2,0.8026969481902059,7
churn,classification,xgboost,llm_claude-sonnet__zero_shot,accuracy,3,0.7805397727272727,7
churn,classification,xgboost,llm_claude-sonnet__zero_shot,accuracy,4,0.7933238636363636,7
churn,classification,xgboost,llm_claude-sonnet__zero_shot,f1,0,0.5875542691751086,7
churn,classification,xgboost,llm_claude-sonnet__zero_shot,f1,1,0.580829756795422,7
churn,classification,xgboost,llm_claude-sonnet__zero_shot,f1,2,0.5959302325581395,7
churn,classification,xgboost,llm_claude-sonnet__zero_shot,f1,3,0.5422222222222223,7
churn,classification,xgboost,llm_claude-sonnet__zero_shot,f1,4,0.562406015037594,7
churn,classification,xgboost,llm_claude-sonnet__zero_shot,roc_auc,0,0.8479888398046965,7
churn,classification,xgboost,llm_claude-sonnet__zero_shot,roc_auc,1,0.8247474747474748,7
churn,classification,xgboost,llm_claude-sonnet__zero_shot,roc_auc,2,0.8430726704383995,7
churn,classification,xgboost,llm_claude-sonnet__zero_shot,roc_auc,3,0.8238450479853907,7
churn,classification,xgboost,llm_claude-sonnet__zero_shot,roc_auc,4,0.8315262363077813,7
churn,classification,logreg,llm_gemini-flash__zero_shot,accuracy,0,0.8069552874378992,7
churn,classification,logreg,llm_gemini-flash__zero_shot,accuracy,1,0.8062455642299503,7
churn,classification,logreg,llm_gemini-flash__zero_shot,accuracy,2,0.8218594748048261,7
churn,classification,logreg,llm_gemini-flash__zero_shot,accuracy,3,0.7919034090909091,7
churn,classification,logreg,llm_gemini-flash__zero_shot,accuracy,4,0.7961647727272727,7
churn,classification,logreg,llm_gemini-flash__zero_shot,f1,0,0.6091954022988506,7
churn,classification,logreg,llm_gemini-flash__zero_shot,f1,1,0.6049204052098408,7
churn,classification,logreg,llm_gemini-flash__zero_shot,f1,2,0.6357039187227866,7
churn,classification,logreg,llm_gemini-flash__zero_shot,f1,3,0.5620328849028401,7
churn,classification,logreg,llm_gemini-flash__zero_shot,f1,4,0.5773195876288659,7
churn,classification,logreg,llm_gemini-flash__zero_shot,roc_auc,0,0.8552184246557649,7
churn,classification,logreg,llm_gemini-flash__zero_shot,roc_auc,1,0.8437055981813015,7
churn,classification,logreg,llm_gemini-flash__zero_shot,roc_auc,2,0.863440026867137,7
churn,classification,logreg,llm_gemini-flash__zero_shot,roc_auc,3,0.8246558132908524,7
churn,classification,logreg,llm_gemini-flash__zero_shot,roc_auc,4,0.8360515210128363,7
churn,classification,random_forest,llm_gemini-flash__zero_shot,accuracy,0,0.7977288857345636,7
churn,classification,random_forest,llm_gemini-flash__zero_shot,accuracy,1,0.7955997161107168,7
churn,classification,random_forest,llm_gemini-flash__zero_shot,accuracy,2,0.7927608232789212,7
churn,classification,random_forest,llm_gemini-flash__zero_shot,accuracy,3,0.7734375,7
churn,classification,random_forest,llm_gemini-flash__zero_shot,accuracy,4,0.7869318181818182,7
churn,classification,random_forest,llm_gemini-flash__zero_shot,f1,0,0.5802650957290133,7
churn,classification,random_forest,llm_gemini-flash__zero_shot,f1,1,0.5777126099706745,7
churn,classification,random_forest,llm_gemini-flash__zero_shot,f1,2,0.5654761904761905,7
churn,classification,random_forest,llm_gemini-flash__zero_shot,f1,3,0.5054263565891473,7
churn,classification,random_forest,llm_gemini-flash__zero_shot,f1,4,0.5454545454545454,7
churn,classification,random_forest,llm_gemini-flash__zero_shot,roc_auc,0,0.8354452452917925,7
churn,classification,random_forest,llm_gemini-flash__zero_shot,roc_auc,1,0.8217623808416648,7
churn,classification,random_forest,llm_gemini-flash__zero_shot,roc_auc,2,0.8360639644527111,7
churn,classification,random_forest,llm_gemini-flash__zero_shot,roc_auc,3,0.8069756899923586,7
churn,classification,random_forest,llm_gemini-flash__zero_shot,roc_auc,4,0.8194256250064648,7
churn,classification,xgboost,llm_gemini-flash__zero_shot,accuracy,0,0.8076650106458482,7
churn,classification,xgboost,llm_gemini-flash__zero_shot,accuracy,1,0.7913413768630234,7
churn,classification,xgboost,llm_gemini-flash__zero_shot,accuracy,2,0.7984386089425124,7
churn,classification,xgboost,llm_gemini-flash__zero_shot,accuracy,3,0.7705965909090909,7
churn,classification,xgboost,llm_gemini-flash__zero_shot,accuracy,4,0.7940340909090909,7
churn,classification,xgboost,llm_gemini-flash__zero_shot,f1,0,0.6032210834553441,7
churn,classification,xgboost,llm_gemini-flash__zero_shot,f1,1,0.5811965811965812,7
churn,classification,xgboost,llm_gemini-flash__zero_shot,f1,2,0.5811209439528023,7
churn,classification,xgboost,llm_gemini-flash__zero_shot,f1,3,0.518628912071535,7
churn,classification,xgboost,llm_gemini-flash__zero_shot,f1,4,0.5645645645645646,7
churn,classification,xgboost,llm_gemini-flash__zero_shot,roc_auc,0,0.845046371644837,7
churn,classification,xgboost,llm_gemini-flash__zero_shot,roc_auc,1,0.8235539538608593,7
churn,classification,xgboost,llm_gemini-flash__zero_shot,roc_auc,2,0.8370469399881164,7
churn,classification,xgboost,llm_gemini-flash__zero_shot,roc_auc,3,0.8157348046262838,7
churn,classification,xgboost,llm_gemini-flash__zero_shot,roc_auc,4,0.832175291428335,7
churn,classification,logreg,llm_deepseek-v3__zero_shot,accuracy,0,0.808374733853797,6
churn,classification,logreg,llm_deepseek-v3__zero_shot,accuracy,1,0.8133427963094393,6
churn,classification,logreg,llm_deepseek-v3__zero_shot,accuracy,2,0.8176011355571328,6
churn,classification,logreg,llm_deepseek-v3__zero_shot,accuracy,3,0.7933238636363636,6
churn,classification,logreg,llm_deepseek-v3__zero_shot,accuracy,4,0.7933238636363636,6
churn,classification,logreg,llm_deepseek-v3__zero_shot,f1,0,0.6052631578947368,6
churn,classification,logreg,llm_deepseek-v3__zero_shot,f1,1,0.6193921852387844,6
churn,classification,logreg,llm_deepseek-v3__zero_shot,f1,2,0.6291486291486291,6
churn,classification,logreg,llm_deepseek-v3__zero_shot,f1,3,0.562406015037594,6
churn,classification,logreg,llm_deepseek-v3__zero_shot,f1,4,0.5726872246696035,6
churn,classification,logreg,llm_deepseek-v3__zero_shot,roc_auc,0,0.8533583921051952,6
churn,classification,logreg,llm_deepseek-v3__zero_shot,roc_auc,1,0.8457929680436075,6
churn,classification,logreg,llm_deepseek-v3__zero_shot,roc_auc,2,0.8635175282234104,6
churn,classification,logreg,llm_deepseek-v3__zero_shot,roc_auc,3,0.8245340689798086,6
churn,classification,logreg,llm_deepseek-v3__zero_shot,roc_auc,4,0.8353947082613598,6
churn,classification,random_forest,llm_deepseek-v3__zero_shot,accuracy,0,0.7955997161107168,6
churn,classification,random_forest,llm_deepseek-v3__zero_shot,accuracy,1,0.7963094393186657,6
churn,classification,random_forest,llm_deepseek-v3__zero_shot,accuracy,2,0.7984386089425124,6
churn,classification,random_forest,llm_deepseek-v3__zero_shot,accuracy,3,0.7791193181818182,6
churn,classification,random_forest,llm_deepseek-v3__zero_shot,accuracy,4,0.7784090909090909,6
churn,classification,random_forest,llm_deepseek-v3__zero_shot,f1,0,0.5764705882352941,6
churn,classification,random_forest,llm_deepseek-v3__zero_shot,f1,1,0.5722801788375559,6
churn,classification,random_forest,llm_deepseek-v3__zero_shot,f1,2,0.5683890577507599,6
churn,classification,random_forest,llm_deepseek-v3__zero_shot,f1,3,0.517829457364341,6
churn,classification,random_forest,llm_deepseek-v3__zero_shot,f1,4,0.5170278637770898,6
churn,classification,random_forest,llm_deepseek-v3__zero_shot,roc_auc,0,0.8374628639334522,6
churn,classification,random_forest,llm_deepseek-v3__zero_shot,roc_auc,1,0.8244878452039579,6
churn,classification,random_forest,llm_deepseek-v3__zero_shot,roc_auc,2,0.8370792322198971,6
churn,classification,random_forest,llm_deepseek-v3__zero_shot,roc_auc,3,0.8059564051754284,6
churn,classification,random_forest,llm_deepseek-v3__zero_shot,roc_auc,4,0.8174577726290094,6
churn,classification,xgboost,llm_deepseek-v3__zero_shot,accuracy,0,0.8034066713981547,6
churn,classification,xgboost,llm_deepseek-v3__zero_shot,accuracy,1,0.78708303761533,6
churn,classification,xgboost,llm_deepseek-v3__zero_shot,accuracy,2,0.8034066713981547,6
churn,classification,xgboost,llm_deepseek-v3__zero_shot,accuracy,3,0.7791193181818182,6
churn,classification,xgboost,llm_deepseek-v3__zero_shot,accuracy,4,0.7911931818181818,6
churn,classification,xgboost,llm_deepseek-v3__zero_shot,f1,0,0.593245227606461,6
churn,classification,xgboost,llm_deepseek-v3__zero_shot,f1,1,0.5677233429394812,6
churn,classification,xgboost,llm_deepseek-v3__zero_shot,f1,2,0.587183308494784,6
churn,classification,xgboost,llm_deepseek-v3__zero_shot,f1,3,0.5365126676602087,6
churn,classification,xgboost,llm_deepseek-v3__zero_shot,f1,4,0.5598802395209581,6
churn,classification,xgboost,llm_deepseek-v3__zero_shot,roc_auc,0,0.8480443824433593,6
churn,classification,xgboost,llm_deepseek-v3__zero_shot,roc_auc,1,0.8262355007879304,6
churn,classification,xgboost,llm_deepseek-v3__zero_shot,roc_auc,2,0.8437508073057944,6
churn,classification,xgboost,llm_deepseek-v3__zero_shot,roc_auc,3,0.8189934076750721,6
churn,classification,xgboost,llm_deepseek-v3__zero_shot,roc_auc,4,0.8334630581615449,6
churn,classification,logreg,llm_llama-3.3__zero_shot,accuracy,0,0.8048261178140526,6
churn,classification,logreg,llm_llama-3.3__zero_shot,accuracy,1,0.8069552874378992,6
churn,classification,logreg,llm_llama-3.3__zero_shot,accuracy,2,0.8168914123491838,6
churn,classification,logreg,llm_llama-3.3__zero_shot,accuracy,3,0.7883522727272727,6
churn,classification,logreg,llm_llama-3.3__zero_shot,accuracy,4,0.7947443181818182,6
churn,classification,logreg,llm_llama-3.3__zero_shot,f1,0,0.6031746031746031,6
churn,classification,logreg,llm_llama-3.3__zero_shot,f1,1,0.6103151862464183,6
churn,classification,logreg,llm_llama-3.3__zero_shot,f1,2,0.6271676300578035,6
churn,classification,logreg,llm_llama-3.3__zero_shot,f1,3,0.5578635014836796,6
churn,classification,logreg,llm_llama-3.3__zero_shot,f1,4,0.5756240822320118,6
churn,classification,logreg,llm_llama-3.3__zero_shot,roc_auc,0,0.8528081324756517,6
churn,classification,logreg,llm_llama-3.3__zero_shot,roc_auc,1,0.8445400294505153,6
churn,classification,logreg,llm_llama-3.3__zero_shot,roc_auc,2,0.8634271099744245,6
churn,classification,logreg,llm_llama-3.3__zero_shot,roc_auc,3,0.8257126575228918,6
churn,classification,logreg,llm_llama-3.3__zero_shot,roc_auc,4,0.8367186772722099,6
churn,classification,random_forest,llm_llama-3.3__zero_shot,accuracy,0,0.7955997161107168,6
churn,classification,random_forest,llm_llama-3.3__zero_shot,accuracy,1,0.7963094393186657,6
churn,classification,random_forest,llm_llama-3.3__zero_shot,accuracy,2,0.8034066713981547,6
churn,classification,random_forest,llm_llama-3.3__zero_shot,accuracy,3,0.7762784090909091,6
churn,classification,random_forest,llm_llama-3.3__zero_shot,accuracy,4,0.7840909090909091,6
churn,classification,random_forest,llm_llama-3.3__zero_shot,f1,0,0.5727002967359051,6
churn,classification,random_forest,llm_llama-3.3__zero_shot,f1,1,0.5760709010339734,6
churn,classification,random_forest,llm_llama-3.3__zero_shot,f1,2,0.5809379727685325,6
churn,classification,random_forest,llm_llama-3.3__zero_shot,f1,3,0.5101088646967341,6
churn,classification,random_forest,llm_llama-3.3__zero_shot,f1,4,0.5294117647058824,6
churn,classification,random_forest,llm_llama-3.3__zero_shot,roc_auc,0,0.8361259655377303,6
churn,classification,random_forest,llm_llama-3.3__zero_shot,roc_auc,1,0.821498876230334,6
churn,classification,random_forest,llm_llama-3.3__zero_shot,roc_auc,2,0.838376088248211,6
churn,classification,random_forest,llm_llama-3.3__zero_shot,roc_auc,3,0.8101345663182709,6
churn,classification,random_forest,llm_llama-3.3__zero_shot,roc_auc,4,0.8198510017687398,6
churn,classification,xgboost,llm_llama-3.3__zero_shot,accuracy,0,0.7984386089425124,6
churn,classification,xgboost,llm_llama-3.3__zero_shot,accuracy,1,0.7963094393186657,6
churn,classification,xgboost,llm_llama-3.3__zero_shot,accuracy,2,0.7991483321504613,6
churn,classification,xgboost,llm_llama-3.3__zero_shot,accuracy,3,0.7727272727272727,6
churn,classification,xgboost,llm_llama-3.3__zero_shot,accuracy,4,0.7961647727272727,6
churn,classification,xgboost,llm_llama-3.3__zero_shot,f1,0,0.5872093023255814,6
churn,classification,xgboost,llm_llama-3.3__zero_shot,f1,1,0.5882352941176471,6
churn,classification,xgboost,llm_llama-3.3__zero_shot,f1,2,0.5880640465793304,6
churn,classification,xgboost,llm_llama-3.3__zero_shot,f1,3,0.5238095238095238,6
churn,classification,xgboost,llm_llama-3.3__zero_shot,f1,4,0.5697151424287856,6
churn,classification,xgboost,llm_llama-3.3__zero_shot,roc_auc,0,0.8460513058978533,6
churn,classification,xgboost,llm_llama-3.3__zero_shot,roc_auc,1,0.8238342504327159,6
churn,classification,xgboost,llm_llama-3.3__zero_shot,roc_auc,2,0.840255496137849,6
churn,classification,xgboost,llm_llama-3.3__zero_shot,roc_auc,3,0.8157956767818058,6
churn,classification,xgboost,llm_llama-3.3__zero_shot,roc_auc,4,0.8365350800070336,6
churn,classification,logreg,llm_qwen-2.5__zero_shot,accuracy,0,0.8126330731014905,7
churn,classification,logreg,llm_qwen-2.5__zero_shot,accuracy,1,0.8133427963094393,7
churn,classification,logreg,llm_qwen-2.5__zero_shot,accuracy,2,0.8097941802696949,7
churn,classification,logreg,llm_qwen-2.5__zero_shot,accuracy,3,0.7933238636363636,7
churn,classification,logreg,llm_qwen-2.5__zero_shot,accuracy,4,0.8018465909090909,7
churn,classification,logreg,llm_qwen-2.5__zero_shot,f1,0,0.6083086053412463,7
churn,classification,logreg,llm_qwen-2.5__zero_shot,f1,1,0.6068759342301944,7
churn,classification,logreg,llm_qwen-2.5__zero_shot,f1,2,0.5975975975975976,7
churn,classification,logreg,llm_qwen-2.5__zero_shot,f1,3,0.5584218512898331,7
churn,classification,logreg,llm_qwen-2.5__zero_shot,f1,4,0.5804511278195489,7
churn,classification,logreg,llm_qwen-2.5__zero_shot,roc_auc,0,0.8585303159471958,7
churn,classification,logreg,llm_qwen-2.5__zero_shot,roc_auc,1,0.8475444986953938,7
churn,classification,logreg,llm_qwen-2.5__zero_shot,roc_auc,2,0.8610090676586841,7
churn,classification,logreg,llm_qwen-2.5__zero_shot,roc_auc,3,0.8317921021616091,7
churn,classification,logreg,llm_qwen-2.5__zero_shot,roc_auc,4,0.840812120522554,7
churn,classification,random_forest,llm_qwen-2.5__zero_shot,accuracy,0,0.7977288857345636,7
churn,classification,random_forest,llm_qwen-2.5__zero_shot,accuracy,1,0.8062455642299503,7
churn,classification,random_forest,llm_qwen-2.5__zero_shot,accuracy,2,0.7970191625266146,7
churn,classification,random_forest,llm_qwen-2.5__zero_shot,accuracy,3,0.7819602272727273,7
churn,classification,random_forest,llm_qwen-2.5__zero_shot,accuracy,4,0.7798295454545454,7
churn,classification,random_forest,llm_qwen-2.5__zero_shot,f1,0,0.5777777777777777,7
churn,classification,random_forest,llm_qwen-2.5__zero_shot,f1,1,0.5931445603576752,7
churn,classification,random_forest,llm_qwen-2.5__zero_shot,f1,2,0.56797583081571,7
churn,classification,random_forest,llm_qwen-2.5__zero_shot,f1,3,0.5255023183925811,7
churn,classification,random_forest,llm_qwen-2.5__zero_shot,f1,4,0.5171339563862928,7
churn,classification,random_forest,llm_qwen-2.5__zero_shot,roc_auc,0,0.8391976026247125,7
churn,classification,random_forest,llm_qwen-2.5__zero_shot,roc_auc,1,0.8199811413366401,7
churn,classification,random_forest,llm_qwen-2.5__zero_shot,roc_auc,2,0.8399751995659925,7
churn,classification,random_forest,llm_qwen-2.5__zero_shot,roc_auc,3,0.8089870614290711,7
churn,classification,random_forest,llm_qwen-2.5__zero_shot,roc_auc,4,0.8200733871885311,7
churn,classification,xgboost,llm_qwen-2.5__zero_shot,accuracy,0,0.8090844570617459,7
churn,classification,xgboost,llm_qwen-2.5__zero_shot,accuracy,1,0.7885024840312278,7
churn,classification,xgboost,llm_qwen-2.5__zero_shot,accuracy,2,0.7984386089425124,7
churn,classification,xgboost,llm_qwen-2.5__zero_shot,accuracy,3,0.7791193181818182,7
churn,classification,xgboost,llm_qwen-2.5__zero_shot,accuracy,4,0.7954545454545454,7
churn,classification,xgboost,llm_qwen-2.5__zero_shot,f1,0,0.6061493411420205,7
churn,classification,xgboost,llm_qwen-2.5__zero_shot,f1,1,0.5802816901408451,7
churn,classification,xgboost,llm_qwen-2.5__zero_shot,f1,2,0.5811209439528023,7
churn,classification,xgboost,llm_qwen-2.5__zero_shot,f1,3,0.5446559297218155,7
churn,classification,xgboost,llm_qwen-2.5__zero_shot,f1,4,0.5701492537313433,7
churn,classification,xgboost,llm_qwen-2.5__zero_shot,roc_auc,0,0.8494574905060839,7
churn,classification,xgboost,llm_qwen-2.5__zero_shot,roc_auc,1,0.8255573639205352,7
churn,classification,xgboost,llm_qwen-2.5__zero_shot,roc_auc,2,0.8436771810173344,7
churn,classification,xgboost,llm_qwen-2.5__zero_shot,roc_auc,3,0.8196746577560191,7
churn,classification,xgboost,llm_qwen-2.5__zero_shot,roc_auc,4,0.8304673196867985,7
churn,classification,logreg,llm_gpt-4o-mini__with_stats,accuracy,0,0.8119233498935415,7
churn,classification,logreg,llm_gpt-4o-mini__with_stats,accuracy,1,0.8055358410220014,7
churn,classification,logreg,llm_gpt-4o-mini__with_stats,accuracy,2,0.8112136266855926,7
churn,classification,logreg,llm_gpt-4o-mini__with_stats,accuracy,3,0.7933238636363636,7
churn,classification,logreg,llm_gpt-4o-mini__with_stats,accuracy,4,0.8011363636363636,7
churn,classification,logreg,llm_gpt-4o-mini__with_stats,f1,0,0.6108663729809104,7
churn,classification,logreg,llm_gpt-4o-mini__with_stats,f1,1,0.5982404692082112,7
churn,classification,logreg,llm_gpt-4o-mini__with_stats,f1,2,0.6053412462908012,7
churn,classification,logreg,llm_gpt-4o-mini__with_stats,f1,3,0.5663189269746647,7
churn,classification,logreg,llm_gpt-4o-mini__with_stats,f1,4,0.5808383233532934,7
churn,classification,logreg,llm_gpt-4o-mini__with_stats,roc_auc,0,0.8613255315301351,7
churn,classification,logreg,llm_gpt-4o-mini__with_stats,roc_auc,1,0.8466299826913637,7
churn,classification,logreg,llm_gpt-4o-mini__with_stats,roc_auc,2,0.8613009894339818,7
churn,classification,logreg,llm_gpt-4o-mini__with_stats,roc_auc,3,0.8334343552084548,7
churn,classification,logreg,llm_gpt-4o-mini__with_stats,roc_auc,4,0.8397467392091353,7
churn,classification,random_forest,llm_gpt-4o-mini__with_stats,accuracy,0,0.7899219304471257,7
churn,classification,random_forest,llm_gpt-4o-mini__with_stats,accuracy,1,0.7977288857345636,7
churn,classification,random_forest,llm_gpt-4o-mini__with_stats,accuracy,2,0.7963094393186657,7
churn,classification,random_forest,llm_gpt-4o-mini__with_stats,accuracy,3,0.7862215909090909,7
churn,classification,random_forest,llm_gpt-4o-mini__with_stats,accuracy,4,0.7805397727272727,7
churn,classification,random_forest,llm_gpt-4o-mini__with_stats,f1,0,0.5659824046920822,7
churn,classification,random_forest,llm_gpt-4o-mini__with_stats,f1,1,0.5790251107828656,7
churn,classification,random_forest,llm_gpt-4o-mini__with_stats,f1,2,0.5710014947683109,7
churn,classification,random_forest,llm_gpt-4o-mini__with_stats,f1,3,0.5404580152671755,7
churn,classification,random_forest,llm_gpt-4o-mini__with_stats,f1,4,0.5296803652968036,7
churn,classification,random_forest,llm_gpt-4o-mini__with_stats,roc_auc,0,0.8373336950063293,7
churn,classification,random_forest,llm_gpt-4o-mini__with_stats,roc_auc,1,0.8206592782040352,7
churn,classification,random_forest,llm_gpt-4o-mini__with_stats,roc_auc,2,0.8357655842310574,7
churn,classification,random_forest,llm_gpt-4o-mini__with_stats,roc_auc,3,0.8087707710041316,7
churn,classification,random_forest,llm_gpt-4o-mini__with_stats,roc_auc,4,0.8198833252309188,7
churn,classification,xgboost,llm_gpt-4o-mini__with_stats,accuracy,0,0.8034066713981547,7
churn,classification,xgboost,llm_gpt-4o-mini__with_stats,accuracy,1,0.7849538679914834,7
churn,classification,xgboost,llm_gpt-4o-mini__with_stats,accuracy,2,0.8034066713981547,7
churn,classification,xgboost,llm_gpt-4o-mini__with_stats,accuracy,3,0.7705965909090909,7
churn,classification,xgboost,llm_gpt-4o-mini__with_stats,accuracy,4,0.7982954545454546,7
churn,classification,xgboost,llm_gpt-4o-mini__with_stats,f1,0,0.5956204379562043,7
churn,classification,xgboost,llm_gpt-4o-mini__with_stats,f1,1,0.5677603423680456,7
churn,classification,xgboost,llm_gpt-4o-mini__with_stats,f1,2,0.5991316931982634,7
churn,classification,xgboost,llm_gpt-4o-mini__with_stats,f1,3,0.5312046444121916,7
churn,classification,xgboost,llm_gpt-4o-mini__with_stats,f1,4,0.5798816568047337,7
churn,classification,xgboost,llm_gpt-4o-mini__with_stats,roc_auc,0,0.8472706605698933,7
churn,classification,xgboost,llm_gpt-4o-mini__with_stats,roc_auc,1,0.8209770337647577,7
churn,classification,xgboost,llm_gpt-4o-mini__with_stats,roc_auc,2,0.8411015526105039,7
churn,classification,xgboost,llm_gpt-4o-mini__with_stats,roc_auc,3,0.8139474945279818,7
churn,classification,xgboost,llm_gpt-4o-mini__with_stats,roc_auc,4,0.8332872185272913,7
churn,classification,logreg,llm_claude-sonnet__with_stats,accuracy,0,0.8176011355571328,7
churn,classification,logreg,llm_claude-sonnet__with_stats,accuracy,1,0.8034066713981547,7
churn,classification,logreg,llm_claude-sonnet__with_stats,accuracy,2,0.8062455642299503,7
churn,classification,logreg,llm_claude-sonnet__with_stats,accuracy,3,0.7947443181818182,7
churn,classification,logreg,llm_claude-sonnet__with_stats,accuracy,4,0.8004261363636364,7
churn,classification,logreg,llm_claude-sonnet__with_stats,f1,0,0.6158445440956651,7
churn,classification,logreg,llm_claude-sonnet__with_stats,f1,1,0.587183308494784,7
churn,classification,logreg,llm_claude-sonnet__with_stats,f1,2,0.5869894099848714,7
churn,classification,logreg,llm_claude-sonnet__with_stats,f1,3,0.5667166416791605,7
churn,classification,logreg,llm_claude-sonnet__with_stats,f1,4,0.5774436090225564,7
churn,classification,logreg,llm_claude-sonnet__with_stats,roc_auc,0,0.860049342530161,7
churn,classification,logreg,llm_claude-sonnet__with_stats,roc_auc,1,0.8452582086853188,7
churn,classification,logreg,llm_claude-sonnet__with_stats,roc_auc,2,0.858926864553463,7
churn,classification,logreg,llm_claude-sonnet__with_stats,roc_auc,3,0.8308155573687687,7
churn,classification,logreg,llm_claude-sonnet__with_stats,roc_auc,4,0.8398320731492879,7
churn,classification,random_forest,llm_claude-sonnet__with_stats,accuracy,0,0.7998580553584103,7
churn,classification,random_forest,llm_claude-sonnet__with_stats,accuracy,1,0.7927608232789212,7
churn,classification,random_forest,llm_claude-sonnet__with_stats,accuracy,2,0.7970191625266146,7
churn,classification,random_forest,llm_claude-sonnet__with_stats,accuracy,3,0.7833806818181818,7
churn,classification,random_forest,llm_claude-sonnet__with_stats,accuracy,4,0.7848011363636364,7
churn,classification,random_forest,llm_claude-sonnet__with_stats,f1,0,0.5803571428571429,7
churn,classification,random_forest,llm_claude-sonnet__with_stats,f1,1,0.5718475073313783,7
churn,classification,random_forest,llm_claude-sonnet__with_stats,f1,2,0.5692771084337349,7
churn,classification,random_forest,llm_claude-sonnet__with_stats,f1,3,0.5285935085007728,7
churn,classification,random_forest,llm_claude-sonnet__with_stats,f1,4,0.5402124430955993,7
churn,classification,random_forest,llm_claude-sonnet__with_stats,roc_auc,0,0.8328140742462992,7
churn,classification,random_forest,llm_claude-sonnet__with_stats,roc_auc,1,0.8212056627657651,7
churn,classification,random_forest,llm_claude-sonnet__with_stats,roc_auc,2,0.8353328683251956,7
churn,classification,random_forest,llm_claude-sonnet__with_stats,roc_auc,3,0.807528720001036,7
churn,classification,random_forest,llm_claude-sonnet__with_stats,roc_auc,4,0.8170181735433756,7
churn,classification,xgboost,llm_claude-sonnet__with_stats,accuracy,0,0.8005677785663591,7
churn,classification,xgboost,llm_claude-sonnet__with_stats,accuracy,1,0.7877927608232789,7
churn,classification,xgboost,llm_claude-sonnet__with_stats,accuracy,2,0.7920511000709723,7
churn,classification,xgboost,llm_claude-sonnet__with_stats,accuracy,3,0.7727272727272727,7
churn,classification,xgboost,llm_claude-sonnet__with_stats,accuracy,4,0.7933238636363636,7
churn,classification,xgboost,llm_claude-sonnet__with_stats,f1,0,0.5897810218978102,7
churn,classification,xgboost,llm_claude-sonnet__with_stats,f1,1,0.5746799431009957,7
churn,classification,xgboost,llm_claude-sonnet__with_stats,f1,2,0.5722627737226277,7
churn,classification,xgboost,llm_claude-sonnet__with_stats,f1,3,0.5252225519287834,7
churn,classification,xgboost,llm_claude-sonnet__with_stats,f1,4,0.5650224215246636,7
churn,classification,xgboost,llm_claude-sonnet__with_stats,roc_auc,0,0.848510682270273,7
churn,classification,xgboost,llm_claude-sonnet__with_stats,roc_auc,1,0.8239569609134826,7
churn,classification,xgboost,llm_claude-sonnet__with_stats,roc_auc,2,0.839831822056886,7
churn,classification,xgboost,llm_claude-sonnet__with_stats,roc_auc,3,0.8179274973773167,7
churn,classification,xgboost,llm_claude-sonnet__with_stats,roc_auc,4,0.8313814271972196,7
churn,classification,logreg,llm_gemini-flash__with_stats,accuracy,0,0.8076650106458482,7
churn,classification,logreg,llm_gemini-flash__with_stats,accuracy,1,0.8097941802696949,7
churn,classification,logreg,llm_gemini-flash__with_stats,accuracy,2,0.8183108587650816,7
churn,classification,logreg,llm_gemini-flash__with_stats,accuracy,3,0.7940340909090909,7
churn,classification,logreg,llm_gemini-flash__with_stats,accuracy,4,0.7947443181818182,7
churn,classification,logreg,llm_gemini-flash__with_stats,f1,0,0.6123032904148784,7
churn,classification,logreg,llm_gemini-flash__with_stats,f1,1,0.6138328530259366,7
churn,classification,logreg,llm_gemini-flash__with_stats,f1,2,0.6289855072463768,7
churn,classification,logreg,llm_gemini-flash__with_stats,f1,3,0.5671641791044776,7
churn,classification,logreg,llm_gemini-flash__with_stats,f1,4,0.5743740795287187,7
churn,classification,logreg,llm_gemini-flash__with_stats,roc_auc,0,0.8539577359270454,7
churn,classification,logreg,llm_gemini-flash__with_stats,roc_auc,1,0.8458782195355087,7
churn,classification,logreg,llm_gemini-flash__with_stats,roc_auc,2,0.8633082745614715,7
churn,classification,logreg,llm_gemini-flash__with_stats,roc_auc,3,0.8258162697025034,7
churn,classification,logreg,llm_gemini-flash__with_stats,roc_auc,4,0.8365816257925712,7
churn,classification,random_forest,llm_gemini-flash__with_stats,accuracy,0,0.8034066713981547,7
churn,classification,random_forest,llm_gemini-flash__with_stats,accuracy,1,0.794889992902768,7
churn,classification,random_forest,llm_gemini-flash__with_stats,accuracy,2,0.794180269694819,7
churn,classification,random_forest,llm_gemini-flash__with_stats,accuracy,3,0.7791193181818182,7
churn,classification,random_forest,llm_gemini-flash__with_stats,accuracy,4,0.7848011363636364,7
churn,classification,random_forest,llm_gemini-flash__with_stats,f1,0,0.5944363103953147,7
churn,classification,random_forest,llm_gemini-flash__with_stats,f1,1,0.5756240822320118,7
churn,classification,random_forest,llm_gemini-flash__with_stats,f1,2,0.5592705167173252,7
churn,classification,random_forest,llm_gemini-flash__with_stats,f1,3,0.522273425499232,7
churn,classification,random_forest,llm_gemini-flash__with_stats,f1,4,0.5345622119815668,7
churn,classification,random_forest,llm_gemini-flash__with_stats,roc_auc,0,0.8400811180862332,7
churn,classification,random_forest,llm_gemini-flash__with_stats,roc_auc,1,0.8226174791392181,7
churn,classification,random_forest,llm_gemini-flash__with_stats,roc_auc,2,0.8406972538686095,7
churn,classification,random_forest,llm_gemini-flash__with_stats,roc_auc,3,0.809207237310746,7
churn,classification,random_forest,llm_gemini-flash__with_stats,roc_auc,4,0.8231841971886346,7
churn,classification,xgboost,llm_gemini-flash__with_stats,accuracy,0,0.794889992902768,7
churn,classification,xgboost,llm_gemini-flash__with_stats,accuracy,1,0.7955997161107168,7
churn,classification,xgboost,llm_gemini-flash__with_stats,accuracy,2,0.7977288857345636,7
churn,classification,xgboost,llm_gemini-flash__with_stats,accuracy,3,0.7705965909090909,7
churn,classification,xgboost,llm_gemini-flash__with_stats,accuracy,4,0.7947443181818182,7
churn,classification,xgboost,llm_gemini-flash__with_stats,f1,0,0.5718518518518518,7
churn,classification,xgboost,llm_gemini-flash__with_stats,f1,1,0.5813953488372093,7
churn,classification,xgboost,llm_gemini-flash__with_stats,f1,2,0.5814977973568282,7
churn,classification,xgboost,llm_gemini-flash__with_stats,f1,3,0.5256975036710719,7
churn,classification,xgboost,llm_gemini-flash__with_stats,f1,4,0.5731166912850812,7
churn,classification,xgboost,llm_gemini-flash__with_stats,roc_auc,0,0.8452375416569791,7
churn,classification,xgboost,llm_gemini-flash__with_stats,roc_auc,1,0.8275543155338552,7
churn,classification,xgboost,llm_gemini-flash__with_stats,roc_auc,2,0.8377199100984267,7
churn,classification,xgboost,llm_gemini-flash__with_stats,roc_auc,3,0.8171620624004351,7
churn,classification,xgboost,llm_gemini-flash__with_stats,roc_auc,4,0.8354283246620259,7
churn,classification,logreg,llm_deepseek-v3__with_stats,accuracy,0,0.8105039034776437,6
churn,classification,logreg,llm_deepseek-v3__with_stats,accuracy,1,0.8041163946061036,6
churn,classification,logreg,llm_deepseek-v3__with_stats,accuracy,2,0.8097941802696949,6
churn,classification,logreg,llm_deepseek-v3__with_stats,accuracy,3,0.7919034090909091,6
churn,classification,logreg,llm_deepseek-v3__with_stats,accuracy,4,0.8011363636363636,6
churn,classification,logreg,llm_deepseek-v3__with_stats,f1,0,0.6079295154185022,6
churn,classification,logreg,llm_deepseek-v3__with_stats,f1,1,0.591715976331361,6
churn,classification,logreg,llm_deepseek-v3__with_stats,f1,2,0.5975975975975976,6
churn,classification,logreg,llm_deepseek-v3__with_stats,f1,3,0.5620328849028401,6
churn,classification,logreg,llm_deepseek-v3__with_stats,f1,4,0.5795795795795796,6
churn,classification,logreg,llm_deepseek-v3__with_stats,roc_auc,0,0.8612428634167765,6
churn,classification,logreg,llm_deepseek-v3__with_stats,roc_auc,1,0.847156991914025,6
churn,classification,logreg,llm_deepseek-v3__with_stats,roc_auc,2,0.8625952620837531,6
churn,classification,logreg,llm_deepseek-v3__with_stats,roc_auc,3,0.8335820025644014,6
churn,classification,logreg,llm_deepseek-v3__with_stats,roc_auc,4,0.8414327309963902,6
churn,classification,random_forest,llm_deepseek-v3__with_stats,accuracy,0,0.7984386089425124,6
churn,classification,random_forest,llm_deepseek-v3__with_stats,accuracy,1,0.7963094393186657,6
churn,classification,random_forest,llm_deepseek-v3__with_stats,accuracy,2,0.7963094393186657,6
churn,classification,random_forest,llm_deepseek-v3__with_stats,accuracy,3,0.7734375,6
churn,classification,random_forest,llm_deepseek-v3__with_stats,accuracy,4,0.7805397727272727,6
churn,classification,random_forest,llm_deepseek-v3__with_stats,f1,0,0.5835777126099707,6
churn,classification,random_forest,llm_deepseek-v3__with_stats,f1,1,0.5735512630014858,6
churn,classification,random_forest,llm_deepseek-v3__with_stats,f1,2,0.5697151424287856,6
churn,classification,random_forest,llm_deepseek-v3__with_stats,f1,3,0.5084745762711864,6
churn,classification,random_forest,llm_deepseek-v3__with_stats,f1,4,0.5339366515837104,6
churn,classification,random_forest,llm_deepseek-v3__with_stats,roc_auc,0,0.8374551137978249,6
churn,classification,random_forest,llm_deepseek-v3__with_stats,roc_auc,1,0.8243573845875636,6
churn,classification,random_forest,llm_deepseek-v3__with_stats,roc_auc,2,0.8428866671833424,6
churn,classification,random_forest,llm_deepseek-v3__with_stats,roc_auc,3,0.808864021965782,6
churn,classification,random_forest,llm_deepseek-v3__with_stats,roc_auc,4,0.8238940204180846,6
churn,classification,xgboost,llm_deepseek-v3__with_stats,accuracy,0,0.8005677785663591,6
churn,classification,xgboost,llm_deepseek-v3__with_stats,accuracy,1,0.7814052519517388,6
churn,classification,xgboost,llm_deepseek-v3__with_stats,accuracy,2,0.8062455642299503,6
churn,classification,xgboost,llm_deepseek-v3__with_stats,accuracy,3,0.7762784090909091,6
churn,classification,xgboost,llm_deepseek-v3__with_stats,accuracy,4,0.7897727272727273,6
churn,classification,xgboost,llm_deepseek-v3__with_stats,f1,0,0.5799701046337817,6
churn,classification,xgboost,llm_deepseek-v3__with_stats,f1,1,0.5649717514124294,6
churn,classification,xgboost,llm_deepseek-v3__with_stats,f1,2,0.5991189427312775,6
churn,classification,xgboost,llm_deepseek-v3__with_stats,f1,3,0.5360824742268041,6
churn,classification,xgboost,llm_deepseek-v3__with_stats,f1,4,0.5634218289085545,6
churn,classification,xgboost,llm_deepseek-v3__with_stats,roc_auc,0,0.8460990984008887,6
churn,classification,xgboost,llm_deepseek-v3__with_stats,roc_auc,1,0.8237748327262393,6
churn,classification,xgboost,llm_deepseek-v3__with_stats,roc_auc,2,0.8378917047715002,6
churn,classification,xgboost,llm_deepseek-v3__with_stats,roc_auc,3,0.8166362305889058,6
churn,classification,xgboost,llm_deepseek-v3__with_stats,roc_auc,4,0.8323808686477933,6
churn,classification,logreg,llm_llama-3.3__with_stats,accuracy,0,0.8140525195173882,7
churn,classification,logreg,llm_llama-3.3__with_stats,accuracy,1,0.8090844570617459,7
churn,classification,logreg,llm_llama-3.3__with_stats,accuracy,2,0.8161816891412349,7
churn,classification,logreg,llm_llama-3.3__with_stats,accuracy,3,0.7961647727272727,7
churn,classification,logreg,llm_llama-3.3__with_stats,accuracy,4,0.7940340909090909,7
churn,classification,logreg,llm_llama-3.3__with_stats,f1,0,0.6191860465116279,7
churn,classification,logreg,llm_llama-3.3__with_stats,f1,1,0.6084425036390102,7
churn,classification,logreg,llm_llama-3.3__with_stats,f1,2,0.6196769456681351,7
churn,classification,logreg,llm_llama-3.3__with_stats,f1,3,0.5697151424287856,7
churn,classification,logreg,llm_llama-3.3__with_stats,f1,4,0.5710059171597633,7
churn,classification,logreg,llm_llama-3.3__with_stats,roc_auc,0,0.8560011883541295,7
churn,classification,logreg,llm_llama-3.3__with_stats,roc_auc,1,0.8445167790436333,7
churn,classification,logreg,llm_llama-3.3__with_stats,roc_auc,2,0.8637241985068073,7
churn,classification,logreg,llm_llama-3.3__with_stats,roc_auc,3,0.8266581186618487,7
churn,classification,logreg,llm_llama-3.3__with_stats,roc_auc,4,0.8372694690677396,7
churn,classification,random_forest,llm_llama-3.3__with_stats,accuracy,0,0.7991483321504613,7
churn,classification,random_forest,llm_llama-3.3__with_stats,accuracy,1,0.7970191625266146,7
churn,classification,random_forest,llm_llama-3.3__with_stats,accuracy,2,0.8005677785663591,7
churn,classification,random_forest,llm_llama-3.3__with_stats,accuracy,3,0.7762784090909091,7
churn,classification,random_forest,llm_llama-3.3__with_stats,accuracy,4,0.7840909090909091,7
churn,classification,random_forest,llm_llama-3.3__with_stats,f1,0,0.5819793205317577,7
churn,classification,random_forest,llm_llama-3.3__with_stats,f1,1,0.5855072463768116,7
churn,classification,random_forest,llm_llama-3.3__with_stats,f1,2,0.5748865355521936,7
churn,classification,random_forest,llm_llama-3.3__with_stats,f1,3,0.5176110260336907,7
churn,classification,random_forest,llm_llama-3.3__with_stats,f1,4,0.5435435435435435,7
churn,classification,random_forest,llm_llama-3.3__with_stats,roc_auc,0,0.840108243560929,7
churn,classification,random_forest,llm_llama-3.3__with_stats,roc_auc,1,0.8225451445400295,7
churn,classification,random_forest,llm_llama-3.3__with_stats,roc_auc,2,0.8386576765093389,7
churn,classification,random_forest,llm_llama-3.3__with_stats,roc_auc,3,0.8078745256504902,7
churn,classification,random_forest,llm_llama-3.3__with_stats,roc_auc,4,0.8256162144829796,7
churn,classification,xgboost,llm_llama-3.3__with_stats,accuracy,0,0.8005677785663591,7
churn,classification,xgboost,llm_llama-3.3__with_stats,accuracy,1,0.7877927608232789,7
churn,classification,xgboost,llm_llama-3.3__with_stats,accuracy,2,0.7977288857345636,7
churn,classification,xgboost,llm_llama-3.3__with_stats,accuracy,3,0.7720170454545454,7
churn,classification,xgboost,llm_llama-3.3__with_stats,accuracy,4,0.7919034090909091,7
churn,classification,xgboost,llm_llama-3.3__with_stats,f1,0,0.5885797950219619,7
churn,classification,xgboost,llm_llama-3.3__with_stats,f1,1,0.5660377358490566,7
churn,classification,xgboost,llm_llama-3.3__with_stats,f1,2,0.5863570391872278,7
churn,classification,xgboost,llm_llama-3.3__with_stats,f1,3,0.5258493353028065,7
churn,classification,xgboost,llm_llama-3.3__with_stats,f1,4,0.5672082717872969,7
churn,classification,xgboost,llm_llama-3.3__with_stats,roc_auc,0,0.844294608488982,7
churn,classification,xgboost,llm_llama-3.3__with_stats,roc_auc,1,0.8241520059934382,7
churn,classification,xgboost,llm_llama-3.3__with_stats,roc_auc,2,0.8402128703918986,7
churn,classification,xgboost,llm_llama-3.3__with_stats,roc_auc,3,0.8171633575526802,7
churn,classification,xgboost,llm_llama-3.3__with_stats,roc_auc,4,0.8312366180866582,7
churn,classification,logreg,llm_qwen-2.5__with_stats,accuracy,0,0.8126330731014905,7
churn,classification,logreg,llm_qwen-2.5__with_stats,accuracy,1,0.8126330731014905,7
churn,classification,logreg,llm_qwen-2.5__with_stats,accuracy,2,0.8105039034776437,7
churn,classification,logreg,llm_qwen-2.5__with_stats,accuracy,3,0.7947443181818182,7
churn,classification,logreg,llm_qwen-2.5__with_stats,accuracy,4,0.8018465909090909,7
churn,classification,logreg,llm_qwen-2.5__with_stats,f1,0,0.6083086053412463,7
churn,classification,logreg,llm_qwen-2.5__with_stats,f1,1,0.6047904191616766,7
churn,classification,logreg,llm_qwen-2.5__with_stats,f1,2,0.5997001499250375,7
churn,classification,logreg,llm_qwen-2.5__with_stats,f1,3,0.5614567526555387,7
churn,classification,logreg,llm_qwen-2.5__with_stats,f1,4,0.5804511278195489,7
churn,classification,logreg,llm_qwen-2.5__with_stats,roc_auc,0,0.8586414012245215,7
churn,classification,logreg,llm_qwen-2.5__with_stats,roc_auc,1,0.8476349169443799,7
churn,classification,logreg,llm_qwen-2.5__with_stats,roc_auc,2,0.8610633186080756,7
churn,classification,logreg,llm_qwen-2.5__with_stats,roc_auc,3,0.8318775822097886,7
churn,classification,logreg,llm_qwen-2.5__with_stats,roc_auc,4,0.8409362426173213,7
churn,classification,random_forest,llm_qwen-2.5__with_stats,accuracy,0,0.8034066713981547,7
churn,classification,random_forest,llm_qwen-2.5__with_stats,accuracy,1,0.7927608232789212,7
churn,classification,random_forest,llm_qwen-2.5__with_stats,accuracy,2,0.7963094393186657,7
churn,classification,random_forest,llm_qwen-2.5__with_stats,accuracy,3,0.7769886363636364,7
churn,classification,random_forest,llm_qwen-2.5__with_stats,accuracy,4,0.7791193181818182,7
churn,classification,random_forest,llm_qwen-2.5__with_stats,f1,0,0.5956204379562043,7
churn,classification,random_forest,llm_qwen-2.5__with_stats,f1,1,0.5743440233236151,7
churn,classification,random_forest,llm_qwen-2.5__with_stats,f1,2,0.5658093797276853,7
churn,classification,random_forest,llm_qwen-2.5__with_stats,f1,3,0.5213414634146342,7
churn,classification,random_forest,llm_qwen-2.5__with_stats,f1,4,0.5237366003062787,7
churn,classification,random_forest,llm_qwen-2.5__with_stats,roc_auc,0,0.8410266346327727,7
churn,classification,random_forest,llm_qwen-2.5__with_stats,roc_auc,1,0.8205972771190163,7
churn,classification,random_forest,llm_qwen-2.5__with_stats,roc_auc,2,0.8381435841793898,7
churn,classification,random_forest,llm_qwen-2.5__with_stats,roc_auc,3,0.808677520042481,7
churn,classification,random_forest,llm_qwen-2.5__with_stats,roc_auc,4,0.8217929953764519,7
churn,classification,xgboost,llm_qwen-2.5__with_stats,accuracy,0,0.8034066713981547,7
churn,classification,xgboost,llm_qwen-2.5__with_stats,accuracy,1,0.7927608232789212,7
churn,classification,xgboost,llm_qwen-2.5__with_stats,accuracy,2,0.794889992902768,7
churn,classification,xgboost,llm_qwen-2.5__with_stats,accuracy,3,0.7798295454545454,7
churn,classification,xgboost,llm_qwen-2.5__with_stats,accuracy,4,0.7947443181818182,7
churn,classification,xgboost,llm_qwen-2.5__with_stats,f1,0,0.5944363103953147,7
churn,classification,xgboost,llm_qwen-2.5__with_stats,f1,1,0.5864022662889519,7
churn,classification,xgboost,llm_qwen-2.5__with_stats,f1,2,0.5841726618705037,7
churn,classification,xgboost,llm_qwen-2.5__with_stats,f1,3,0.5373134328358209,7
churn,classification,xgboost,llm_qwen-2.5__with_stats,f1,4,0.5718518518518518,7
churn,classification,xgboost,llm_qwen-2.5__with_stats,roc_auc,0,0.8469671135911545,7
churn,classification,xgboost,llm_qwen-2.5__with_stats,roc_auc,1,0.8268206360277972,7
churn,classification,xgboost,llm_qwen-2.5__with_stats,roc_auc,2,0.8415678524374177,7
churn,classification,xgboost,llm_qwen-2.5__with_stats,roc_auc,3,0.8197912214580825,7
churn,classification,xgboost,llm_qwen-2.5__with_stats,roc_auc,4,0.8364290590510866,7
housing,regression,logreg,llm_gpt-4o-mini__zero_shot,rmse,0,29035.23390496481,7
housing,regression,logreg,llm_gpt-4o-mini__zero_shot,rmse,1,33201.81883706115,7
housing,regression,logreg,llm_gpt-4o-mini__zero_shot,rmse,2,24810.14215027652,7
housing,regression,logreg,llm_gpt-4o-mini__zero_shot,rmse,3,30652.23892229399,7
housing,regression,logreg,llm_gpt-4o-mini__zero_shot,rmse,4,23739.314174758223,7
housing,regression,logreg,llm_gpt-4o-mini__zero_shot,mae,0,16395.611582460217,7
housing,regression,logreg,llm_gpt-4o-mini__zero_shot,mae,1,16009.664260413329,7
housing,regression,logreg,llm_gpt-4o-mini__zero_shot,mae,2,16149.650843537664,7
housing,regression,logreg,llm_gpt-4o-mini__zero_shot,mae,3,16383.68232809983,7
housing,regression,logreg,llm_gpt-4o-mini__zero_shot,mae,4,15503.74538125896,7
housing,regression,logreg,llm_gpt-4o-mini__zero_shot,r2,0,0.8948500445296911,7
housing,regression,logreg,llm_gpt-4o-mini__zero_shot,r2,1,0.8042361068502373,7
housing,regression,logreg,llm_gpt-4o-mini__zero_shot,r2,2,0.906439550612008,7
housing,regression,logreg,llm_gpt-4o-mini__zero_shot,r2,3,0.8408409980949182,7
housing,regression,logreg,llm_gpt-4o-mini__zero_shot,r2,4,0.9003885836753356,7
housing,regression,random_forest,llm_gpt-4o-mini__zero_shot,rmse,0,27509.331541033855,7
housing,regression,random_forest,llm_gpt-4o-mini__zero_shot,rmse,1,25701.711413478133,7
housing,regression,random_forest,llm_gpt-4o-mini__zero_shot,rmse,2,25584.47323005196,7
housing,regression,random_forest,llm_gpt-4o-mini__zero_shot,rmse,3,27088.71938161916,7
housing,regression,random_forest,llm_gpt-4o-mini__zero_shot,rmse,4,23568.17789333852,7
housing,regression,random_forest,llm_gpt-4o-mini__zero_shot,mae,0,16059.928336177472,7
housing,regression,random_forest,llm_gpt-4o-mini__zero_shot,mae,1,15329.314210141396,7
housing,regression,random_forest,llm_gpt-4o-mini__zero_shot,mae,2,16292.358964732648,7
housing,regression,random_forest,llm_gpt-4o-mini__zero_shot,mae,3,16196.485782138794,7
housing,regression,random_forest,llm_gpt-4o-mini__zero_shot,mae,4,15292.931274175198,7
housing,regression,random_forest,llm_gpt-4o-mini__zero_shot,r2,0,0.9056116248563744,7
housing,regression,random_forest,llm_gpt-4o-mini__zero_shot,r2,1,0.8826905691005316,7
housing,regression,random_forest,llm_gpt-4o-mini__zero_shot,r2,2,0.9005083225960122,7
housing,regression,random_forest,llm_gpt-4o-mini__zero_shot,r2,3,0.8756963871684639,7
housing,regression,random_forest,llm_gpt-4o-mini__zero_shot,r2,4,0.9018196006825732,7
housing,regression,xgboost,llm_gpt-4o-mini__zero_shot,rmse,0,24496.26171875,7
housing,regression,xgboost,llm_gpt-4o-mini__zero_shot,rmse,1,24867.21875,7
housing,regression,xgboost,llm_gpt-4o-mini__zero_shot,rmse,2,23303.87890625,7
housing,regression,xgboost,llm_gpt-4o-mini__zero_shot,rmse,3,24050.724609375,7
housing,regression,xgboost,llm_gpt-4o-mini__zero_shot,rmse,4,21040.50390625,7
housing,regression,xgboost,llm_gpt-4o-mini__zero_shot,mae,0,14596.4814453125,7
housing,regression,xgboost,llm_gpt-4o-mini__zero_shot,mae,1,14306.7978515625,7
housing,regression,xgboost,llm_gpt-4o-mini__zero_shot,mae,2,13951.3125,7
housing,regression,xgboost,llm_gpt-4o-mini__zero_shot,mae,3,14549.6142578125,7
housing,regression,xgboost,llm_gpt-4o-mini__zero_shot,mae,4,13471.1103515625,7
housing,regression,xgboost,llm_gpt-4o-mini__zero_shot,r2,0,0.9251558184623718,7
housing,regression,xgboost,llm_gpt-4o-mini__zero_shot,r2,1,0.8901845812797546,7
housing,regression,xgboost,llm_gpt-4o-mini__zero_shot,r2,2,0.9174550771713256,7
housing,regression,xgboost,llm_gpt-4o-mini__zero_shot,r2,3,0.9020141959190368,7
housing,regression,xgboost,llm_gpt-4o-mini__zero_shot,r2,4,0.9217498898506165,7
housing,regression,logreg,llm_claude-sonnet__zero_shot,rmse,0,29025.801025241886,7
housing,regression,logreg,llm_claude-sonnet__zero_shot,rmse,1,33288.26623856542,7
housing,regression,logreg,llm_claude-sonnet__zero_shot,rmse,2,24978.93148599219,7
housing,regression,logreg,llm_claude-sonnet__zero_shot,rmse,3,31990.90809937176,7
housing,regression,logreg,llm_claude-sonnet__zero_shot,rmse,4,24192.03936934044,7
housing,regression,logreg,llm_claude-sonnet__zero_shot,mae,0,16326.06219108767,7
housing,regression,logreg,llm_claude-sonnet__zero_shot,mae,1,15435.230337754689,7
housing,regression,logreg,llm_claude-sonnet__zero_shot,mae,2,15887.043128871668,7
housing,regression,logreg,llm_claude-sonnet__zero_shot,mae,3,16300.123238594257,7
housing,regression,logreg,llm_claude-sonnet__zero_shot,mae,4,15390.01690254585,7
housing,regression,logreg,llm_claude-sonnet__zero_shot,r2,0,0.894918355036071,7
housing,regression,logreg,llm_claude-sonnet__zero_shot,r2,1,0.8032153608795529,7
housing,regression,logreg,llm_claude-sonnet__zero_shot,r2,2,0.9051621919895336,7
housing,regression,logreg,llm_claude-sonnet__zero_shot,r2,3,0.8266355926361935,7
housing,regression,logreg,llm_claude-sonnet__zero_shot,r2,4,0.8965530381991494,7
housing,regression,random_forest,llm_claude-sonnet__zero_shot,rmse,0,24555.055213180894,7
housing,regression,random_forest,llm_claude-sonnet__zero_shot,rmse,1,24715.56149148626,7
housing,regression,random_forest,llm_claude-sonnet__zero_shot,rmse,2,24684.479438918148,7
housing,regression,random_forest,llm_claude-sonnet__zero_shot,rmse,3,25238.38008242746,7
housing,regression,random_forest,llm_claude-sonnet__zero_shot,rmse,4,22247.82249457015,7
housing,regression,random_forest,llm_claude-sonnet__zero_shot,mae,0,14908.08548634812,7
housing,regression,random_forest,llm_claude-sonnet__zero_shot,mae,1,15038.05097919714,7
housing,regression,random_forest,llm_claude-sonnet__zero_shot,mae,2,15821.051436291238,7
housing,regression,random_forest,llm_claude-sonnet__zero_shot,mae,3,15775.388654721277,7
housing,regression,random_forest,llm_claude-sonnet__zero_shot,mae,4,14843.447306598406,7
housing,regression,random_forest,llm_claude-sonnet__zero_shot,r2,0,0.9247961170025588,7
housing,regression,random_forest,llm_claude-sonnet__zero_shot,r2,1,0.8915199679908031,7
housing,regression,random_forest,llm_claude-sonnet__zero_shot,r2,2,0.907384912801166,7
housing,regression,random_forest,llm_claude-sonnet__zero_shot,r2,3,0.8920979351144872,7
housing,regression,random_forest,llm_claude-sonnet__zero_shot,r2,4,0.9125121385827312,7
housing,regression,xgboost,llm_claude-sonnet__zero_shot,rmse,0,21846.748046875,7
housing,regression,xgboost,llm_claude-sonnet__zero_shot,rmse,1,23768.90625,7
housing,regression,xgboost,llm_claude-sonnet__zero_shot,rmse,2,24696.044921875,7
housing,regression,xgboost,llm_claude-sonnet__zero_shot,rmse,3,22842.490234375,7
housing,regression,xgboost,llm_claude-sonnet__zero_shot,rmse,4,20673.228515625,7
housing,regression,xgboost,llm_claude-sonnet__zero_shot,mae,0,13322.6201171875,7
housing,regression,xgboost,llm_claude-sonnet__zero_shot,mae,1,13830.244140625,7
housing,regression,xgboost,llm_claude-sonnet__zero_shot,mae,2,14610.958984375,7
housing,regression,xgboost,llm_claude-sonnet__zero_shot,mae,3,14166.111328125,7
housing,regression,xgboost,llm_claude-sonnet__zero_shot,mae,4,13397.5869140625,7
housing,regression,xgboost,llm_claude-sonnet__zero_shot,r2,0,0.9404705166816713,7
housing,regression,xgboost,llm_claude-sonnet__zero_shot,r2,1,0.8996708393096924,7
housing,regression,xgboost,llm_claude-sonnet__zero_shot,r2,2,0.9072980880737304,7
housing,regression,xgboost,llm_claude-sonnet__zero_shot,r2,3,0.9116119146347046,7
housing,regression,xgboost,llm_claude-sonnet__zero_shot,r2,4,0.924457848072052,7
housing,regression,logreg,llm_gemini-flash__zero_shot,rmse,0,29064.961064084695,7
housing,regression,logreg,llm_gemini-flash__zero_shot,rmse,1,33755.35019052834,7
housing,regression,logreg,llm_gemini-flash__zero_shot,rmse,2,24658.14198916629,7
housing,regression,logreg,llm_gemini-flash__zero_shot,rmse,3,30715.9963317955,7
housing,regression,logreg,llm_gemini-flash__zero_shot,rmse,4,23744.03403470359,7
housing,regression,logreg,llm_gemini-flash__zero_shot,mae,0,16428.57901744687,7
housing,regression,logreg,llm_gemini-flash__zero_shot,mae,1,15734.722879393332,7
housing,regression,logreg,llm_gemini-flash__zero_shot,mae,2,15980.405023911257,7
housing,regression,logreg,llm_gemini-flash__zero_shot,mae,3,16514.656404837526,7
housing,regression,logreg,llm_gemini-flash__zero_shot,mae,4,15501.878247868077,7
housing,regression,logreg,llm_gemini-flash__zero_shot,r2,0,0.8946346228377193,7
housing,regression,logreg,llm_gemini-flash__zero_shot,r2,1,0.797654254268571,7
housing,regression,logreg,llm_gemini-flash__zero_shot,r2,2,0.9075824412860622,7
housing,regression,logreg,llm_gemini-flash__zero_shot,r2,3,0.8401782002302063,7
housing,regression,logreg,llm_gemini-flash__zero_shot,r2,4,0.9003489701744191,7
housing,regression,random_forest,llm_gemini-flash__zero_shot,rmse,0,27344.5494173961,7
housing,regression,random_forest,llm_gemini-flash__zero_shot,rmse,1,25763.89479390563,7
housing,regression,random_forest,llm_gemini-flash__zero_shot,rmse,2,25620.47061517443,7
housing,regression,random_forest,llm_gemini-flash__zero_shot,rmse,3,26785.78787340259,7
housing,regression,random_forest,llm_gemini-flash__zero_shot,rmse,4,23338.399743783037,7
housing,regression,random_forest,llm_gemini-flash__zero_shot,mae,0,15940.400648464163,7
housing,regression,random_forest,llm_gemini-flash__zero_shot,mae,1,15205.170258816835,7
housing,regression,random_forest,llm_gemini-flash__zero_shot,mae,2,16047.227042093287,7
housing,regression,random_forest,llm_gemini-flash__zero_shot,mae,3,15993.9588850967,7
housing,regression,random_forest,llm_gemini-flash__zero_shot,mae,4,15152.011854379978,7
housing,regression,random_forest,llm_gemini-flash__zero_shot,r2,0,0.9067390193006606,7
housing,regression,random_forest,llm_gemini-flash__zero_shot,r2,1,0.882122239518083,7
housing,regression,random_forest,llm_gemini-flash__zero_shot,r2,2,0.9002281558135145,7
housing,regression,random_forest,llm_gemini-flash__zero_shot,r2,3,0.8784610015382386,7
housing,regression,random_forest,llm_gemini-flash__zero_shot,r2,4,0.9037246896152344,7
housing,regression,xgboost,llm_gemini-flash__zero_shot,rmse,0,23853.822265625,7
housing,regression,xgboost,llm_gemini-flash__zero_shot,rmse,1,25228.51171875,7
housing,regression,xgboost,llm_gemini-flash__zero_shot,rmse,2,23591.0390625,7
housing,regression,xgboost,llm_gemini-flash__zero_shot,rmse,3,23595.56640625,7
housing,regression,xgboost,llm_gemini-flash__zero_shot,rmse,4,20858.0859375,7
housing,regression,xgboost,llm_gemini-flash__zero_shot,mae,0,14446.40234375,7
housing,regression,xgboost,llm_gemini-flash__zero_shot,mae,1,14552.21875,7
housing,regression,xgboost,llm_gemini-flash__zero_shot,mae,2,14098.8349609375,7
housing,regression,xgboost,llm_gemini-flash__zero_shot,mae,3,14386.1259765625,7
housing,regression,xgboost,llm_gemini-flash__zero_shot,mae,4,13298.17578125,7
housing,regression,xgboost,llm_gemini-flash__zero_shot,r2,0,0.9290300607681274,7
housing,regression,xgboost,llm_gemini-flash__zero_shot,r2,1,0.8869704604148865,7
housing,regression,xgboost,llm_gemini-flash__zero_shot,r2,2,0.9154082536697388,7
housing,regression,xgboost,llm_gemini-flash__zero_shot,r2,3,0.9056878685951232,7
housing,regression,xgboost,llm_gemini-flash__zero_shot,r2,4,0.9231008291244508,7
housing,regression,logreg,llm_deepseek-v3__zero_shot,rmse,0,28880.856353137548,6
housing,regression,logreg,llm_deepseek-v3__zero_shot,rmse,1,33689.16448689853,6
housing,regression,logreg,llm_deepseek-v3__zero_shot,rmse,2,24028.45667589613,6
housing,regression,logreg,llm_deepseek-v3__zero_shot,rmse,3,31498.33224752144,6
housing,regression,logreg,llm_deepseek-v3__zero_shot,rmse,4,23642.10487272696,6
housing,regression,logreg,llm_deepseek-v3__zero_shot,mae,0,16070.110429644614,6
housing,regression,logreg,llm_deepseek-v3__zero_shot,mae,1,15236.33905045199,6
housing,regression,logreg,llm_deepseek-v3__zero_shot,mae,2,15377.09249634522,6
housing,regression,logreg,llm_deepseek-v3__zero_shot,mae,3,16312.81224691224,6
housing,regression,logreg,llm_deepseek-v3__zero_shot,mae,4,15303.905011542656,6
housing,regression,logreg,llm_deepseek-v3__zero_shot,r2,0,0.8959652164379232,6
housing,regression,logreg,llm_deepseek-v3__zero_shot,r2,1,0.7984469739963835,6
housing,regression,logreg,llm_deepseek-v3__zero_shot,r2,2,0.912242236091933,6
housing,regression,logreg,llm_deepseek-v3__zero_shot,r2,3,0.8319332034596141,6
housing,regression,logreg,llm_deepseek-v3__zero_shot,r2,4,0.9012027041315704,6
housing,regression,random_forest,llm_deepseek-v3__zero_shot,rmse,0,25926.27609343024,6
housing,regression,random_forest,llm_deepseek-v3__zero_shot,rmse,1,24167.371594218585,6
housing,regression,random_forest,llm_deepseek-v3__zero_shot,rmse,2,24374.038213815125,6
housing,regression,random_forest,llm_deepseek-v3__zero_shot,rmse,3,25501.19627080696,6
housing,regression,random_forest,llm_deepseek-v3__zero_shot,rmse,4,22442.49985393483,6
housing,regression,random_forest,llm_deepseek-v3__zero_shot,mae,0,15347.670844709895,6
housing,regression,random_forest,llm_deepseek-v3__zero_shot,mae,1,14602.28374167073,6
housing,regression,random_forest,llm_deepseek-v3__zero_shot,mae,2,15244.169544937426,6
housing,regression,random_forest,llm_deepseek-v3__zero_shot,mae,3,15540.58635787421,6
housing,regression,random_forest,llm_deepseek-v3__zero_shot,mae,4,14408.777741751992,6
housing,regression,random_forest,llm_deepseek-v3__zero_shot,r2,0,0.9161624229920048,6
housing,regression,random_forest,llm_deepseek-v3__zero_shot,r2,1,0.896278764412395,6
housing,regression,random_forest,llm_deepseek-v3__zero_shot,r2,2,0.9096997881177288,6
housing,regression,random_forest,llm_deepseek-v3__zero_shot,r2,3,0.8898389896197557,6
housing,regression,random_forest,llm_deepseek-v3__zero_shot,r2,4,0.9109743320094448,6
housing,regression,xgboost,llm_deepseek-v3__zero_shot,rmse,0,23771.765625,6
housing,regression,xgboost,llm_deepseek-v3__zero_shot,rmse,1,23130.509765625,6
housing,regression,xgboost,llm_deepseek-v3__zero_shot,rmse,2,24355.4921875,6
housing,regression,xgboost,llm_deepseek-v3__zero_shot,rmse,3,22538.02734375,6
housing,regression,xgboost,llm_deepseek-v3__zero_shot,rmse,4,20350.93359375,6
housing,regression,xgboost,llm_deepseek-v3__zero_shot,mae,0,14393.2578125,6
housing,regression,xgboost,llm_deepseek-v3__zero_shot,mae,1,13781.8720703125,6
housing,regression,xgboost,llm_deepseek-v3__zero_shot,mae,2,14430.1923828125,6
housing,regression,xgboost,llm_deepseek-v3__zero_shot,mae,3,13959.2197265625,6
housing,regression,xgboost,llm_deepseek-v3__zero_shot,mae,4,12845.580078125,6
housing,regression,xgboost,llm_deepseek-v3__zero_shot,r2,0,0.9295175075531006,6
housing,regression,xgboost,llm_deepseek-v3__zero_shot,r2,1,0.9049878120422364,6
housing,regression,xgboost,llm_deepseek-v3__zero_shot,r2,2,0.9098371267318726,6
housing,regression,xgboost,llm_deepseek-v3__zero_shot,r2,3,0.9139524102211,6
housing,regression,xgboost,llm_deepseek-v3__zero_shot,r2,4,0.9267948865890504,6
housing,regression,logreg,llm_llama-3.3__zero_shot,rmse,0,29195.512953923368,7
housing,regression,logreg,llm_llama-3.3__zero_shot,rmse,1,33512.84495577995,7
housing,regression,logreg,llm_llama-3.3__zero_shot,rmse,2,24630.049113712514,7
housing,regression,logreg,llm_llama-3.3__zero_shot,rmse,3,30470.074681639016,7
housing,regression,logreg,llm_llama-3.3__zero_shot,rmse,4,23777.22376265653,7
housing,regression,logreg,llm_llama-3.3__zero_shot,mae,0,16696.658926914584,7
housing,regression,logreg,llm_llama-3.3__zero_shot,mae,1,15896.943580454212,7
housing,regression,logreg,llm_llama-3.3__zero_shot,mae,2,16055.759994108012,7
housing,regression,logreg,llm_llama-3.3__zero_shot,mae,3,16322.51917609813,7
housing,regression,logreg,llm_llama-3.3__zero_shot,mae,4,15546.245781567908,7
housing,regression,logreg,llm_llama-3.3__zero_shot,r2,0,0.8936859518660589,7
housing,regression,logreg,llm_llama-3.3__zero_shot,r2,1,0.8005511958355299,7
housing,regression,logreg,llm_llama-3.3__zero_shot,r2,2,0.907792902885924,7
housing,regression,logreg,llm_llama-3.3__zero_shot,r2,3,0.8427271198114022,7
housing,regression,logreg,llm_llama-3.3__zero_shot,r2,4,0.900070188386736,7
housing,regression,random_forest,llm_llama-3.3__zero_shot,rmse,0,27810.268766308265,7
housing,regression,random_forest,llm_llama-3.3__zero_shot,rmse,1,25649.32730153501,7
housing,regression,random_forest,llm_llama-3.3__zero_shot,rmse,2,25611.13574627432,7
housing,regression,random_forest,llm_llama-3.3__zero_shot,rmse,3,27067.52497644372,7
housing,regression,random_forest,llm_llama-3.3__zero_shot,rmse,4,23605.767587020964,7
housing,regression,random_forest,llm_llama-3.3__zero_shot,mae,0,16085.19111774744,7
housing,regression,random_forest,llm_llama-3.3__zero_shot,mae,1,15525.885485129204,7
housing,regression,random_forest,llm_llama-3.3__zero_shot,mae,2,16178.562141638224,7
housing,regression,random_forest,llm_llama-3.3__zero_shot,mae,3,16075.724293434096,7
housing,regression,random_forest,llm_llama-3.3__zero_shot,mae,4,15344.336299772467,7
housing,regression,random_forest,llm_llama-3.3__zero_shot,r2,0,0.9035352135691276,7
housing,regression,random_forest,llm_llama-3.3__zero_shot,r2,1,0.8831682717618194,7
housing,regression,random_forest,llm_llama-3.3__zero_shot,r2,2,0.9003008467042085,7
housing,regression,random_forest,llm_llama-3.3__zero_shot,r2,3,0.8758908231221342,7
housing,regression,random_forest,llm_llama-3.3__zero_shot,r2,4,0.901506168370428,7
housing,regression,xgboost,llm_llama-3.3__zero_shot,rmse,0,25022.28125,7
housing,regression,xgboost,llm_llama-3.3__zero_shot,rmse,1,24407.68359375,7
housing,regression,xgboost,llm_llama-3.3__zero_shot,rmse,2,23476.46875,7
housing,regression,xgboost,llm_llama-3.3__zero_shot,rmse,3,24047.591796875,7
housing,regression,xgboost,llm_llama-3.3__zero_shot,rmse,4,21392.48828125,7
housing,regression,xgboost,llm_llama-3.3__zero_shot,mae,0,14732.5224609375,7
housing,regression,xgboost,llm_llama-3.3__zero_shot,mae,1,14523.068359375,7
housing,regression,xgboost,llm_llama-3.3__zero_shot,mae,2,14237.8447265625,7
housing,regression,xgboost,llm_llama-3.3__zero_shot,mae,3,14529.296875,7
housing,regression,xgboost,llm_llama-3.3__zero_shot,mae,4,13699.501953125,7
housing,regression,xgboost,llm_llama-3.3__zero_shot,r2,0,0.9219069480895996,7
housing,regression,xgboost,llm_llama-3.3__zero_shot,r2,1,0.8942057490348816,7
housing,regression,xgboost,llm_llama-3.3__zero_shot,r2,2,0.91622793674469,7
housing,regression,xgboost,llm_llama-3.3__zero_shot,r2,3,0.9020397663116456,7
housing,regression,xgboost,llm_llama-3.3__zero_shot,r2,4,0.9191098809242249,7
housing,regression,logreg,llm_qwen-2.5__zero_shot,rmse,0,29004.472424577372,7
housing,regression,logreg,llm_qwen-2.5__zero_shot,rmse,1,33365.04154215173,7
housing,regression,logreg,llm_qwen-2.5__zero_shot,rmse,2,24813.312243456956,7
housing,regression,logreg,llm_qwen-2.5__zero_shot,rmse,3,30661.99609263599,7
housing,regression,logreg,llm_qwen-2.5__zero_shot,rmse,4,23708.35083620897,7
housing,regression,logreg,llm_qwen-2.5__zero_shot,mae,0,16510.978063563878,7
housing,regression,logreg,llm_qwen-2.5__zero_shot,mae,1,15972.07640606718,7
housing,regression,logreg,llm_qwen-2.5__zero_shot,mae,2,16042.297294348473,7
housing,regression,logreg,llm_qwen-2.5__zero_shot,mae,3,16487.797477209242,7
housing,regression,logreg,llm_qwen-2.5__zero_shot,mae,4,15634.237983916482,7
housing,regression,logreg,llm_qwen-2.5__zero_shot,r2,0,0.8950727294831625,7
housing,regression,logreg,llm_qwen-2.5__zero_shot,r2,1,0.8023065948352731,7
housing,regression,logreg,llm_qwen-2.5__zero_shot,r2,2,0.9064156398831322,7
housing,regression,logreg,llm_qwen-2.5__zero_shot,r2,3,0.8407396555038024,7
housing,regression,logreg,llm_qwen-2.5__zero_shot,r2,4,0.9006482618233203,7
housing,regression,random_forest,llm_qwen-2.5__zero_shot,rmse,0,25558.794639292093,7
housing,regression,random_forest,llm_qwen-2.5__zero_shot,rmse,1,24829.570049717124,7
housing,regression,random_forest,llm_qwen-2.5__zero_shot,rmse,2,25425.8036460044,7
housing,regression,random_forest,llm_qwen-2.5__zero_shot,rmse,3,25025.591855916828,7
housing,regression,random_forest,llm_qwen-2.5__zero_shot,rmse,4,23129.35941521084,7
housing,regression,random_forest,llm_qwen-2.5__zero_shot,mae,0,15575.336501706486,7
housing,regression,random_forest,llm_qwen-2.5__zero_shot,mae,1,14933.65965098326,7
housing,regression,random_forest,llm_qwen-2.5__zero_shot,mae,2,16167.861049488054,7
housing,regression,random_forest,llm_qwen-2.5__zero_shot,mae,3,15596.580126361128,7
housing,regression,random_forest,llm_qwen-2.5__zero_shot,mae,4,15274.0574374289,7
housing,regression,random_forest,llm_qwen-2.5__zero_shot,r2,0,0.9185222228737528,7
housing,regression,random_forest,llm_qwen-2.5__zero_shot,r2,1,0.890516860943664,7
housing,regression,random_forest,llm_qwen-2.5__zero_shot,r2,2,0.9017385493232554,7
housing,regression,random_forest,llm_qwen-2.5__zero_shot,r2,3,0.893909739064201,7
housing,regression,random_forest,llm_qwen-2.5__zero_shot,r2,4,0.9054416275177598,7
housing,regression,xgboost,llm_qwen-2.5__zero_shot,rmse,0,22928.8671875,7
housing,regression,xgboost,llm_qwen-2.5__zero_shot,rmse,1,22519.69140625,7
housing,regression,xgboost,llm_qwen-2.5__zero_shot,rmse,2,24691.017578125,7
housing,regression,xgboost,llm_qwen-2.5__zero_shot,rmse,3,22895.515625,7
housing,regression,xgboost,llm_qwen-2.5__zero_shot,rmse,4,20524.921875,7
housing,regression,xgboost,llm_qwen-2.5__zero_shot,mae,0,14367.5771484375,7
housing,regression,xgboost,llm_qwen-2.5__zero_shot,mae,1,13818.2470703125,7
housing,regression,xgboost,llm_qwen-2.5__zero_shot,mae,2,14460.2734375,7
housing,regression,xgboost,llm_qwen-2.5__zero_shot,mae,3,14170.3076171875,7
housing,regression,xgboost,llm_qwen-2.5__zero_shot,mae,4,13080.92578125,7
housing,regression,xgboost,llm_qwen-2.5__zero_shot,r2,0,0.9344272017478944,7
housing,regression,xgboost,llm_qwen-2.5__zero_shot,r2,1,0.9099396467208862,7
housing,regression,xgboost,llm_qwen-2.5__zero_shot,r2,2,0.907335877418518,7
housing,regression,xgboost,llm_qwen-2.5__zero_shot,r2,3,0.9112010598182678,7
housing,regression,xgboost,llm_qwen-2.5__zero_shot,r2,4,0.9255378246307372,7
housing,regression,logreg,llm_gpt-4o-mini__with_stats,rmse,0,29111.86516169644,7
housing,regression,logreg,llm_gpt-4o-mini__with_stats,rmse,1,33745.09067490036,7
housing,regression,logreg,llm_gpt-4o-mini__with_stats,rmse,2,24530.982883625456,7
housing,regression,logreg,llm_gpt-4o-mini__with_stats,rmse,3,30866.950098947105,7
housing,regression,logreg,llm_gpt-4o-mini__with_stats,rmse,4,23527.22881211658,7
housing,regression,logreg,llm_gpt-4o-mini__with_stats,mae,0,16366.793598068134,7
housing,regression,logreg,llm_gpt-4o-mini__with_stats,mae,1,15677.009781354744,7
housing,regression,logreg,llm_gpt-4o-mini__with_stats,mae,2,15959.42154047523,7
housing,regression,logreg,llm_gpt-4o-mini__with_stats,mae,3,16611.602528174335,7
housing,regression,logreg,llm_gpt-4o-mini__with_stats,mae,4,15386.861934893606,7
housing,regression,logreg,llm_gpt-4o-mini__with_stats,r2,0,0.8942942779393102,7
housing,regression,logreg,llm_gpt-4o-mini__with_stats,r2,1,0.7977772364830311,7
housing,regression,logreg,llm_gpt-4o-mini__with_stats,r2,2,0.9085331563042448,7
housing,regression,logreg,llm_gpt-4o-mini__with_stats,r2,3,0.8386034516613317,7
housing,regression,logreg,llm_gpt-4o-mini__with_stats,r2,4,0.9021604759507218,7
housing,regression,random_forest,llm_gpt-4o-mini__with_stats,rmse,0,27513.438228350915,7
housing,regression,random_forest,llm_gpt-4o-mini__with_stats,rmse,1,25093.44191692171,7
housing,regression,random_forest,llm_gpt-4o-mini__with_stats,rmse,2,25514.086639774057,7
housing,regression,random_forest,llm_gpt-4o-mini__with_stats,rmse,3,27221.50097624881,7
housing,regression,random_forest,llm_gpt-4o-mini__with_stats,rmse,4,23463.535372511593,7
housing,regression,random_forest,llm_gpt-4o-mini__with_stats,mae,0,16084.122184300344,7
housing,regression,random_forest,llm_gpt-4o-mini__with_stats,mae,1,15248.697625142207,7
housing,regression,random_forest,llm_gpt-4o-mini__with_stats,mae,2,16169.285125142207,7
housing,regression,random_forest,llm_gpt-4o-mini__with_stats,mae,3,16172.242093287829,7
housing,regression,random_forest,llm_gpt-4o-mini__with_stats,mae,4,15215.735494880546,7
housing,regression,random_forest,llm_gpt-4o-mini__with_stats,r2,0,0.9055834415124508,7
housing,regression,random_forest,llm_gpt-4o-mini__with_stats,r2,1,0.888177470498507,7
housing,regression,random_forest,llm_gpt-4o-mini__with_stats,r2,2,0.9010550015838722,7
housing,regression,random_forest,llm_gpt-4o-mini__with_stats,r2,3,0.8744747949777042,7
housing,regression,random_forest,llm_gpt-4o-mini__with_stats,r2,4,0.902689505571548,7
housing,regression,xgboost,llm_gpt-4o-mini__with_stats,rmse,0,24786.8046875,7
housing,regression,xgboost,llm_gpt-4o-mini__with_stats,rmse,1,24295.91796875,7
housing,regression,xgboost,llm_gpt-4o-mini__with_stats,rmse,2,23030.544921875,7
housing,regression,xgboost,llm_gpt-4o-mini__with_stats,rmse,3,24197.1015625,7
housing,regression,xgboost,llm_gpt-4o-mini__with_stats,rmse,4,20678.728515625,7
housing,regression,xgboost,llm_gpt-4o-mini__with_stats,mae,0,14721.146484375,7
housing,regression,xgboost,llm_gpt-4o-mini__with_stats,mae,1,14389.19140625,7
housing,regression,xgboost,llm_gpt-4o-mini__with_stats,mae,2,14095.0830078125,7
housing,regression,xgboost,llm_gpt-4o-mini__with_stats,mae,3,14611.7919921875,7
housing,regression,xgboost,llm_gpt-4o-mini__with_stats,mae,4,13086.412109375,7
housing,regression,xgboost,llm_gpt-4o-mini__with_stats,r2,0,0.9233698844909668,7
housing,regression,xgboost,llm_gpt-4o-mini__with_stats,r2,1,0.8951724767684937,7
housing,regression,xgboost,llm_gpt-4o-mini__with_stats,r2,2,0.9193801283836364,7
housing,regression,xgboost,llm_gpt-4o-mini__with_stats,r2,3,0.90081787109375,7
housing,regression,xgboost,llm_gpt-4o-mini__with_stats,r2,4,0.9244176149368286,7
housing,regression,logreg,llm_claude-sonnet__with_stats,rmse,0,28993.879850992187,7
housing,regression,logreg,llm_claude-sonnet__with_stats,rmse,1,33279.77784969566,7
housing,regression,logreg,llm_claude-sonnet__with_stats,rmse,2,24644.4240357272,7
housing,regression,logreg,llm_claude-sonnet__with_stats,rmse,3,30622.305236271,7
housing,regression,logreg,llm_claude-sonnet__with_stats,rmse,4,23603.3290028736,7
housing,regression,logreg,llm_claude-sonnet__with_stats,mae,0,16472.141848619045,7
housing,regression,logreg,llm_claude-sonnet__with_stats,mae,1,15828.225559512011,7
housing,regression,logreg,llm_claude-sonnet__with_stats,mae,2,15978.25865009345,7
housing,regression,logreg,llm_claude-sonnet__with_stats,mae,3,16569.301890782637,7
housing,regression,logreg,llm_claude-sonnet__with_stats,mae,4,15513.809651698552,7
housing,regression,logreg,llm_claude-sonnet__with_stats,r2,0,0.8951493553817031,7
housing,regression,logreg,llm_claude-sonnet__with_stats,r2,1,0.8033157068427483,7
housing,regression,logreg,llm_claude-sonnet__with_stats,r2,2,0.9076852411741344,7
housing,regression,logreg,llm_claude-sonnet__with_stats,r2,3,0.8411517022713177,7
housing,regression,logreg,llm_claude-sonnet__with_stats,r2,4,0.9015265170491488,7
housing,regression,random_forest,llm_claude-sonnet__with_stats,rmse,0,25136.67937677167,7
housing,regression,random_forest,llm_claude-sonnet__with_stats,rmse,1,24613.950138910557,7
housing,regression,random_forest,llm_claude-sonnet__with_stats,rmse,2,25064.526894548897,7
housing,regression,random_forest,llm_claude-sonnet__with_stats,rmse,3,24802.86701910821,7
housing,regression,random_forest,llm_claude-sonnet__with_stats,rmse,4,22813.0189078564,7
housing,regression,random_forest,llm_claude-sonnet__with_stats,mae,0,15232.723199658703,7
housing,regression,random_forest,llm_claude-sonnet__with_stats,mae,1,14761.185299447425,7
housing,regression,random_forest,llm_claude-sonnet__with_stats,mae,2,15782.573728668942,7
housing,regression,random_forest,llm_claude-sonnet__with_stats,mae,3,15474.056313993176,7
housing,regression,random_forest,llm_claude-sonnet__with_stats,mae,4,14996.485463594996,7
housing,regression,random_forest,llm_claude-sonnet__with_stats,r2,0,0.9211912849744476,7
housing,regression,random_forest,llm_claude-sonnet__with_stats,r2,1,0.892410107115997,7
housing,regression,random_forest,llm_claude-sonnet__with_stats,r2,2,0.904511116152014,7
housing,regression,random_forest,llm_claude-sonnet__with_stats,r2,3,0.895789717672298,7
housing,regression,random_forest,llm_claude-sonnet__with_stats,r2,4,0.9080104912041542,7
housing,regression,xgboost,llm_claude-sonnet__with_stats,rmse,0,22467.072265625,7
housing,regression,xgboost,llm_claude-sonnet__with_stats,rmse,1,23741.572265625,7
housing,regression,xgboost,llm_claude-sonnet__with_stats,rmse,2,24088.5546875,7
housing,regression,xgboost,llm_claude-sonnet__with_stats,rmse,3,22431.279296875,7
housing,regression,xgboost,llm_claude-sonnet__with_stats,rmse,4,20953.31640625,7
housing,regression,xgboost,llm_claude-sonnet__with_stats,mae,0,14143.5146484375,7
housing,regression,xgboost,llm_claude-sonnet__with_stats,mae,1,14080.9736328125,7
housing,regression,xgboost,llm_claude-sonnet__with_stats,mae,2,14305.685546875,7
housing,regression,xgboost,llm_claude-sonnet__with_stats,mae,3,14032.2529296875,7
housing,regression,xgboost,llm_claude-sonnet__with_stats,mae,4,13241.490234375,7
housing,regression,xgboost,llm_claude-sonnet__with_stats,r2,0,0.9370419383049012,7
housing,regression,xgboost,llm_claude-sonnet__with_stats,r2,1,0.8999014496803284,7
housing,regression,xgboost,llm_claude-sonnet__with_stats,r2,2,0.9118027091026306,7
housing,regression,xgboost,llm_claude-sonnet__with_stats,r2,3,0.9147655963897704,7
housing,regression,xgboost,llm_claude-sonnet__with_stats,r2,4,0.9223970174789428,7
housing,regression,logreg,llm_gemini-flash__with_stats,rmse,0,28918.589402908154,7
housing,regression,logreg,llm_gemini-flash__with_stats,rmse,1,33403.90145421044,7
housing,regression,logreg,llm_gemini-flash__with_stats,rmse,2,24605.224008789675,7
housing,regression,logreg,llm_gemini-flash__with_stats,rmse,3,30406.065344701772,7
housing,regression,logreg,llm_gemini-flash__with_stats,rmse,4,23592.106846486506,7
housing,regression,logreg,llm_gemini-flash__with_stats,mae,0,16381.995138926164,7
housing,regression,logreg,llm_gemini-flash__with_stats,mae,1,15721.615986777828,7
housing,regression,logreg,llm_gemini-flash__with_stats,mae,2,15922.47810199984,7
housing,regression,logreg,llm_gemini-flash__with_stats,mae,3,16418.279337203854,7
housing,regression,logreg,llm_gemini-flash__with_stats,mae,4,15466.058676022529,7
housing,regression,logreg,llm_gemini-flash__with_stats,r2,0,0.8956931944453862,7
housing,regression,logreg,llm_gemini-flash__with_stats,r2,1,0.8018458238151245,7
housing,regression,logreg,llm_gemini-flash__with_stats,r2,2,0.9079786838610664,7
housing,regression,logreg,llm_gemini-flash__with_stats,r2,3,0.8433872008214243,7
housing,regression,logreg,llm_gemini-flash__with_stats,r2,4,0.9016201328370164,7
housing,regression,random_forest,llm_gemini-flash__with_stats,rmse,0,25100.823832715883,7
housing,regression,random_forest,llm_gemini-flash__with_stats,rmse,1,24952.144065406563,7
housing,regression,random_forest,llm_gemini-flash__with_stats,rmse,2,24548.799303197266,7
housing,regression,random_forest,llm_gemini-flash__with_stats,rmse,3,24831.615543102896,7
housing,regression,random_forest,llm_gemini-flash__with_stats,rmse,4,22812.90174631575,7
housing,regression,random_forest,llm_gemini-flash__with_stats,mae,0,15375.857798634812,7
housing,regression,random_forest,llm_gemini-flash__with_stats,mae,1,14940.674479522186,7
housing,regression,random_forest,llm_gemini-flash__with_stats,mae,2,15590.93816837315,7
housing,regression,random_forest,llm_gemini-flash__with_stats,mae,3,15545.892528441407,7
housing,regression,random_forest,llm_gemini-flash__with_stats,mae,4,15120.698137087598,7
housing,regression,random_forest,llm_gemini-flash__with_stats,r2,0,0.9214159537915352,7
housing,regression,random_forest,llm_gemini-flash__with_stats,r2,1,0.8894332407168498,7
housing,regression,random_forest,llm_gemini-flash__with_stats,r2,2,0.9084002465508112,7
housing,regression,random_forest,llm_gemini-flash__with_stats,r2,3,0.8955480014191054,7
housing,regression,random_forest,llm_gemini-flash__with_stats,r2,4,0.9080114360685708,7
housing,regression,xgboost,llm_gemini-flash__with_stats,rmse,0,23620.58203125,7
housing,regression,xgboost,llm_gemini-flash__with_stats,rmse,1,23885.310546875,7
housing,regression,xgboost,llm_gemini-flash__with_stats,rmse,2,24270.486328125,7
housing,regression,xgboost,llm_gemini-flash__with_stats,rmse,3,22736.474609375,7
housing,regression,xgboost,llm_gemini-flash__with_stats,rmse,4,20914.84765625,7
housing,regression,xgboost,llm_gemini-flash__with_stats,mae,0,14322.1591796875,7
housing,regression,xgboost,llm_gemini-flash__with_stats,mae,1,14268.23046875,7
housing,regression,xgboost,llm_gemini-flash__with_stats,mae,2,14243.6162109375,7
housing,regression,xgboost,llm_gemini-flash__with_stats,mae,3,14405.6689453125,7
housing,regression,xgboost,llm_gemini-flash__with_stats,mae,4,13354.91796875,7
housing,regression,xgboost,llm_gemini-flash__with_stats,r2,0,0.930411159992218,7
housing,regression,xgboost,llm_gemini-flash__with_stats,r2,1,0.8986857533454895,7
housing,regression,xgboost,llm_gemini-flash__with_stats,r2,2,0.91046541929245,7
housing,regression,xgboost,llm_gemini-flash__with_stats,r2,3,0.912430465221405,7
housing,regression,xgboost,llm_gemini-flash__with_stats,r2,4,0.92268168926239,7
housing,regression,logreg,llm_deepseek-v3__with_stats,rmse,0,28913.7548431866,7
housing,regression,logreg,llm_deepseek-v3__with_stats,rmse,1,33457.36181674199,7
housing,regression,logreg,llm_deepseek-v3__with_stats,rmse,2,24587.12353889227,7
housing,regression,logreg,llm_deepseek-v3__with_stats,rmse,3,30532.663924483688,7
housing,regression,logreg,llm_deepseek-v3__with_stats,rmse,4,23545.817853001485,7
housing,regression,logreg,llm_deepseek-v3__with_stats,mae,0,16403.934299284178,7
housing,regression,logreg,llm_deepseek-v3__with_stats,mae,1,15692.45928149176,7
housing,regression,logreg,llm_deepseek-v3__with_stats,mae,2,15997.114548047948,7
housing,regression,logreg,llm_deepseek-v3__with_stats,mae,3,16542.03075427649,7
housing,regression,logreg,llm_deepseek-v3__with_stats,mae,4,15405.716831115522,7
housing,regression,logreg,llm_deepseek-v3__with_stats,r2,0,0.8957280671925784,7
housing,regression,logreg,llm_deepseek-v3__with_stats,r2,1,0.8012110553845704,7
housing,regression,logreg,llm_deepseek-v3__with_stats,r2,2,0.9081140223090624,7
housing,regression,logreg,llm_deepseek-v3__with_stats,r2,3,0.8420803409268359,7
housing,regression,logreg,llm_deepseek-v3__with_stats,r2,4,0.902005807381084,7
housing,regression,random_forest,llm_deepseek-v3__with_stats,rmse,0,26821.71886474437,7
housing,regression,random_forest,llm_deepseek-v3__with_stats,rmse,1,24340.979188275873,7
housing,regression,random_forest,llm_deepseek-v3__with_stats,rmse,2,24816.776837177265,7
housing,regression,random_forest,llm_deepseek-v3__with_stats,rmse,3,25820.947348000256,7
housing,regression,random_forest,llm_deepseek-v3__with_stats,rmse,4,23238.44699743043,7
housing,regression,random_forest,llm_deepseek-v3__with_stats,mae,0,15899.332098976109,7
housing,regression,random_forest,llm_deepseek-v3__with_stats,mae,1,14795.671118560052,7
housing,regression,random_forest,llm_deepseek-v3__with_stats,mae,2,15898.041467576792,7
housing,regression,random_forest,llm_deepseek-v3__with_stats,mae,3,15411.004880546074,7
housing,regression,random_forest,llm_deepseek-v3__with_stats,mae,4,14997.844937428896,7
housing,regression,random_forest,llm_deepseek-v3__with_stats,r2,0,0.91027124389415,7
housing,regression,random_forest,llm_deepseek-v3__with_stats,r2,1,0.8947832380600624,7
housing,regression,random_forest,llm_deepseek-v3__with_stats,r2,2,0.9063895043620976,7
housing,regression,random_forest,llm_deepseek-v3__with_stats,r2,3,0.8870591252521333,7
housing,regression,random_forest,llm_deepseek-v3__with_stats,r2,4,0.9045475716746418,7
housing,regression,xgboost,llm_deepseek-v3__with_stats,rmse,0,22722.890625,7
housing,regression,xgboost,llm_deepseek-v3__with_stats,rmse,1,22519.5703125,7
housing,regression,xgboost,llm_deepseek-v3__with_stats,rmse,2,24148.265625,7
housing,regression,xgboost,llm_deepseek-v3__with_stats,rmse,3,23297.255859375,7
housing,regression,xgboost,llm_deepseek-v3__with_stats,rmse,4,21817.5390625,7
housing,regression,xgboost,llm_deepseek-v3__with_stats,mae,0,13922.716796875,7
housing,regression,xgboost,llm_deepseek-v3__with_stats,mae,1,13759.48828125,7
housing,regression,xgboost,llm_deepseek-v3__with_stats,mae,2,14612.5048828125,7
housing,regression,xgboost,llm_deepseek-v3__with_stats,mae,3,14192.7666015625,7
housing,regression,xgboost,llm_deepseek-v3__with_stats,mae,4,13808.7783203125,7
housing,regression,xgboost,llm_deepseek-v3__with_stats,r2,0,0.9356000423431396,7
housing,regression,xgboost,llm_deepseek-v3__with_stats,r2,1,0.9099406003952026,7
housing,regression,xgboost,llm_deepseek-v3__with_stats,r2,2,0.9113649129867554,7
housing,regression,xgboost,llm_deepseek-v3__with_stats,r2,3,0.9080575108528136,7
housing,regression,xgboost,llm_deepseek-v3__with_stats,r2,4,0.9158635139465332,7
housing,regression,logreg,llm_llama-3.3__with_stats,rmse,0,28898.512575513687,7
housing,regression,logreg,llm_llama-3.3__with_stats,rmse,1,32980.256759520205,7
housing,regression,logreg,llm_llama-3.3__with_stats,rmse,2,24612.007798343933,7
housing,regression,logreg,llm_llama-3.3__with_stats,rmse,3,30513.246409376166,7
housing,regression,logreg,llm_llama-3.3__with_stats,rmse,4,23840.823553245264,7
housing,regression,logreg,llm_llama-3.3__with_stats,mae,0,16304.464115767518,7
housing,regression,logreg,llm_llama-3.3__with_stats,mae,1,15817.244501839332,7
housing,regression,logreg,llm_llama-3.3__with_stats,mae,2,15904.280771457848,7
housing,regression,logreg,llm_llama-3.3__with_stats,mae,3,16344.2713927487,7
housing,regression,logreg,llm_llama-3.3__with_stats,mae,4,15564.759970784184,7
housing,regression,logreg,llm_llama-3.3__with_stats,r2,0,0.8958379748678885,7
housing,regression,logreg,llm_llama-3.3__with_stats,r2,1,0.806840128881539,7
housing,regression,logreg,llm_llama-3.3__with_stats,r2,2,0.9079279353453918,7
housing,regression,logreg,llm_llama-3.3__with_stats,r2,3,0.8422811378385693,7
housing,regression,logreg,llm_llama-3.3__with_stats,r2,4,0.8995348849312333,7
housing,regression,random_forest,llm_llama-3.3__with_stats,rmse,0,25586.444656933436,7
housing,regression,random_forest,llm_llama-3.3__with_stats,rmse,1,24268.895094139512,7
housing,regression,random_forest,llm_llama-3.3__with_stats,rmse,2,25467.266236116724,7
housing,regression,random_forest,llm_llama-3.3__with_stats,rmse,3,25327.41310726117,7
housing,regression,random_forest,llm_llama-3.3__with_stats,rmse,4,23083.614239093906,7
housing,regression,random_forest,llm_llama-3.3__with_stats,mae,0,15607.46069112628,7
housing,regression,random_forest,llm_llama-3.3__with_stats,mae,1,14925.59928327645,7
housing,regression,random_forest,llm_llama-3.3__with_stats,mae,2,16033.354746871446,7
housing,regression,random_forest,llm_llama-3.3__with_stats,mae,3,15718.837913619373,7
housing,regression,random_forest,llm_llama-3.3__with_stats,mae,4,15287.110361205916,7
housing,regression,random_forest,llm_llama-3.3__with_stats,r2,0,0.9183458389243212,7
housing,regression,random_forest,llm_llama-3.3__with_stats,r2,1,0.8954054993503274,7
housing,regression,random_forest,llm_llama-3.3__with_stats,r2,2,0.9014178124650106,7
housing,regression,random_forest,llm_llama-3.3__with_stats,r2,3,0.891335303586565,7
housing,regression,random_forest,llm_llama-3.3__with_stats,r2,4,0.9058152921537947,7
housing,regression,xgboost,llm_llama-3.3__with_stats,rmse,0,22497.62890625,7
housing,regression,xgboost,llm_llama-3.3__with_stats,rmse,1,22267.3125,7
housing,regression,xgboost,llm_llama-3.3__with_stats,rmse,2,24266.41015625,7
housing,regression,xgboost,llm_llama-3.3__with_stats,rmse,3,23205.46875,7
housing,regression,xgboost,llm_llama-3.3__with_stats,rmse,4,20254.556640625,7
housing,regression,xgboost,llm_llama-3.3__with_stats,mae,0,14066.7646484375,7
housing,regression,xgboost,llm_llama-3.3__with_stats,mae,1,14084.5458984375,7
housing,regression,xgboost,llm_llama-3.3__with_stats,mae,2,14565.7919921875,7
housing,regression,xgboost,llm_llama-3.3__with_stats,mae,3,14640.1044921875,7
housing,regression,xgboost,llm_llama-3.3__with_stats,mae,4,13048.490234375,7
housing,regression,xgboost,llm_llama-3.3__with_stats,r2,0,0.936870574951172,7
housing,regression,xgboost,llm_llama-3.3__with_stats,r2,1,0.9119469523429872,7
housing,regression,xgboost,llm_llama-3.3__with_stats,r2,2,0.9104955196380616,7
housing,regression,xgboost,llm_llama-3.3__with_stats,r2,3,0.908780574798584,7
housing,regression,xgboost,llm_llama-3.3__with_stats,r2,4,0.9274865984916688,7
housing,regression,logreg,llm_qwen-2.5__with_stats,rmse,0,29017.059802428987,7
housing,regression,logreg,llm_qwen-2.5__with_stats,rmse,1,33396.8392018917,7
housing,regression,logreg,llm_qwen-2.5__with_stats,rmse,2,24799.487174389393,7
housing,regression,logreg,llm_qwen-2.5__with_stats,rmse,3,30706.800264752048,7
housing,regression,logreg,llm_qwen-2.5__with_stats,rmse,4,23698.132932737757,7
housing,regression,logreg,llm_qwen-2.5__with_stats,mae,0,16494.811836039014,7
housing,regression,logreg,llm_qwen-2.5__with_stats,mae,1,15985.84312554419,7
housing,regression,logreg,llm_qwen-2.5__with_stats,mae,2,16035.83382818108,7
housing,regression,logreg,llm_qwen-2.5__with_stats,mae,3,16558.280634820105,7
housing,regression,logreg,llm_qwen-2.5__with_stats,mae,4,15595.271405719246,7
housing,regression,logreg,llm_qwen-2.5__with_stats,r2,0,0.8949816369251928,7
housing,regression,logreg,llm_qwen-2.5__with_stats,r2,1,0.8019296024635569,7
housing,regression,logreg,llm_qwen-2.5__with_stats,r2,2,0.9065198943895618,7
housing,regression,logreg,llm_qwen-2.5__with_stats,r2,3,0.8402738840529395,7
housing,regression,logreg,llm_qwen-2.5__with_stats,r2,4,0.9007338812506264,7
housing,regression,random_forest,llm_qwen-2.5__with_stats,rmse,0,25741.27455331653,7
housing,regression,random_forest,llm_qwen-2.5__with_stats,rmse,1,24771.711599864797,7
housing,regression,random_forest,llm_qwen-2.5__with_stats,rmse,2,25472.04929076084,7
housing,regression,random_forest,llm_qwen-2.5__with_stats,rmse,3,24877.33744040575,7
housing,regression,random_forest,llm_qwen-2.5__with_stats,rmse,4,23095.59369397539,7
housing,regression,random_forest,llm_qwen-2.5__with_stats,mae,0,15658.39295221843,7
housing,regression,random_forest,llm_qwen-2.5__with_stats,mae,1,14924.250489192264,7
housing,regression,random_forest,llm_qwen-2.5__with_stats,mae,2,16086.15877701934,7
housing,regression,random_forest,llm_qwen-2.5__with_stats,mae,3,15502.283855030068,7
housing,regression,random_forest,llm_qwen-2.5__with_stats,mae,4,15267.932096131966,7
housing,regression,random_forest,llm_qwen-2.5__with_stats,r2,0,0.917354629951779,7
housing,regression,random_forest,llm_qwen-2.5__with_stats,r2,1,0.8910265068431815,7
housing,regression,random_forest,llm_qwen-2.5__with_stats,r2,2,0.9013807791796596,7
housing,regression,random_forest,llm_qwen-2.5__with_stats,r2,3,0.8951629970460557,7
housing,regression,random_forest,llm_qwen-2.5__with_stats,r2,4,0.9057175107394528,7
housing,regression,xgboost,llm_qwen-2.5__with_stats,rmse,0,23072.69921875,7
housing,regression,xgboost,llm_qwen-2.5__with_stats,rmse,1,22919.439453125,7
housing,regression,xgboost,llm_qwen-2.5__with_stats,rmse,2,24172.884765625,7
housing,regression,xgboost,llm_qwen-2.5__with_stats,rmse,3,22779.8828125,7
housing,regression,xgboost,llm_qwen-2.5__with_stats,rmse,4,21224.912109375,7
housing,regression,xgboost,llm_qwen-2.5__with_stats,mae,0,14260.0478515625,7
housing,regression,xgboost,llm_qwen-2.5__with_stats,mae,1,14124.9140625,7
housing,regression,xgboost,llm_qwen-2.5__with_stats,mae,2,14508.671875,7
housing,regression,xgboost,llm_qwen-2.5__with_stats,mae,3,14278.6591796875,7
housing,regression,xgboost,llm_qwen-2.5__with_stats,mae,4,13645.4755859375,7
housing,regression,xgboost,llm_qwen-2.5__with_stats,r2,0,0.933601975440979,7
housing,regression,xgboost,llm_qwen-2.5__with_stats,r2,1,0.9067139029502868,7
housing,regression,xgboost,llm_qwen-2.5__with_stats,r2,2,0.9111840724945068,7
housing,regression,xgboost,llm_qwen-2.5__with_stats,r2,3,0.9120957851409912,7
housing,regression,xgboost,llm_qwen-2.5__with_stats,r2,4,0.9203722476959229,7
bank,classification,logreg,llm_gpt-4o-mini__zero_shot,accuracy,0,0.8964554503520272,5
bank,classification,logreg,llm_gpt-4o-mini__zero_shot,accuracy,1,0.9011896091284292,5
bank,classification,logreg,llm_gpt-4o-mini__zero_shot,accuracy,2,0.905559601845108,5
bank,classification,logreg,llm_gpt-4o-mini__zero_shot,accuracy,3,0.8992351584314677,5
bank,classification,logreg,llm_gpt-4o-mini__zero_shot,accuracy,4,0.8991137550078913,5
bank,classification,logreg,llm_gpt-4o-mini__zero_shot,f1,0,0.2897585345545378,5
bank,classification,logreg,llm_gpt-4o-mini__zero_shot,f1,1,0.3435483870967742,5
bank,classification,logreg,llm_gpt-4o-mini__zero_shot,f1,2,0.3978328173374613,5
bank,classification,logreg,llm_gpt-4o-mini__zero_shot,f1,3,0.3412698412698413,5
bank,classification,logreg,llm_gpt-4o-mini__zero_shot,f1,4,0.3292978208232445,5
bank,classification,logreg,llm_gpt-4o-mini__zero_shot,roc_auc,0,0.7888073287655079,5
bank,classification,logreg,llm_gpt-4o-mini__zero_shot,roc_auc,1,0.7846557473229869,5
bank,classification,logreg,llm_gpt-4o-mini__zero_shot,roc_auc,2,0.8044523031746782,5
bank,classification,logreg,llm_gpt-4o-mini__zero_shot,roc_auc,3,0.7877433083208703,5
bank,classification,logreg,llm_gpt-4o-mini__zero_shot,roc_auc,4,0.7916603762012824,5
bank,classification,random_forest,llm_gpt-4o-mini__zero_shot,accuracy,0,0.8948773974265598,5
bank,classification,random_forest,llm_gpt-4o-mini__zero_shot,accuracy,1,0.8903860160233066,5
bank,classification,random_forest,llm_gpt-4o-mini__zero_shot,accuracy,2,0.8968196164117505,5
bank,classification,random_forest,llm_gpt-4o-mini__zero_shot,accuracy,3,0.8963214762656307,5
bank,classification,random_forest,llm_gpt-4o-mini__zero_shot,accuracy,4,0.8940148112176763,5
bank,classification,random_forest,llm_gpt-4o-mini__zero_shot,f1,0,0.3787661406025825,5
bank,classification,random_forest,llm_gpt-4o-mini__zero_shot,f1,1,0.3645320197044335,5
bank,classification,random_forest,llm_gpt-4o-mini__zero_shot,f1,2,0.4217687074829932,5
bank,classification,random_forest,llm_gpt-4o-mini__zero_shot,f1,3,0.3793604651162791,5
bank,classification,random_forest,llm_gpt-4o-mini__zero_shot,f1,4,0.368763557483731,5
bank,classification,random_forest,llm_gpt-4o-mini__zero_shot,roc_auc,0,0.7688049111986415,5
bank,classification,random_forest,llm_gpt-4o-mini__zero_shot,roc_auc,1,0.7716970729751403,5
bank,classification,random_forest,llm_gpt-4o-mini__zero_shot,roc_auc,2,0.7820941583329404,5
bank,classification,random_forest,llm_gpt-4o-mini__zero_shot,roc_auc,3,0.7735470056991617,5
bank,classification,random_forest,llm_gpt-4o-mini__zero_shot,roc_auc,4,0.7826864375993696,5
bank,classification,xgboost,llm_gpt-4o-mini__zero_shot,accuracy,0,0.8969410050983249,5
bank,classification,xgboost,llm_gpt-4o-mini__zero_shot,accuracy,1,0.894027676620539,5
bank,classification,xgboost,llm_gpt-4o-mini__zero_shot,accuracy,2,0.9042243262927896,5
bank,classification,xgboost,llm_gpt-4o-mini__zero_shot,accuracy,3,0.899720772125774,5
bank,classification,xgboost,llm_gpt-4o-mini__zero_shot,accuracy,4,0.8992351584314677,5
bank,classification,xgboost,llm_gpt-4o-mini__zero_shot,f1,0,0.3553530751708428,5
bank,classification,xgboost,llm_gpt-4o-mini__zero_shot,f1,1,0.3528539659006671,5
bank,classification,xgboost,llm_gpt-4o-mini__zero_shot,f1,2,0.425345957756737,5
bank,classification,xgboost,llm_gpt-4o-mini__zero_shot,f1,3,0.3723404255319149,5
bank,classification,xgboost,llm_gpt-4o-mini__zero_shot,f1,4,0.3644716692189892,5
bank,classification,xgboost,llm_gpt-4o-mini__zero_shot,roc_auc,0,0.7898420916080946,5
bank,classification,xgboost,llm_gpt-4o-mini__zero_shot,roc_auc,1,0.7916394936081892,5
bank,classification,xgboost,llm_gpt-4o-mini__zero_shot,roc_auc,2,0.8081564873343082,5
bank,classification,xgboost,llm_gpt-4o-mini__zero_shot,roc_auc,3,0.7945249951642046,5
bank,classification,xgboost,llm_gpt-4o-mini__zero_shot,roc_auc,4,0.7985591246738786,5
bank,classification,logreg,llm_claude-sonnet__zero_shot,accuracy,0,0.8963340616654528,5
bank,classification,logreg,llm_claude-sonnet__zero_shot,accuracy,1,0.9013109978150036,5
bank,classification,logreg,llm_claude-sonnet__zero_shot,accuracy,2,0.9053168244719592,5
bank,classification,logreg,llm_claude-sonnet__zero_shot,accuracy,3,0.8994779652786209,5
bank,classification,logreg,llm_claude-sonnet__zero_shot,accuracy,4,0.8993565618550443,5
bank,classification,logreg,llm_claude-sonnet__zero_shot,f1,0,0.2918739635157545,5
bank,classification,logreg,llm_claude-sonnet__zero_shot,f1,1,0.3459372485921158,5
bank,classification,logreg,llm_claude-sonnet__zero_shot,f1,2,0.4009216589861751,5
bank,classification,logreg,llm_claude-sonnet__zero_shot,f1,3,0.3386581469648562,5
bank,classification,logreg,llm_claude-sonnet__zero_shot,f1,4,0.3309120258272801,5
bank,classification,logreg,llm_claude-sonnet__zero_shot,roc_auc,0,0.7891293516203594,5
bank,classification,logreg,llm_claude-sonnet__zero_shot,roc_auc,1,0.7844476744186046,5
bank,classification,logreg,llm_claude-sonnet__zero_shot,roc_auc,2,0.8040138243549224,5
bank,classification,logreg,llm_claude-sonnet__zero_shot,roc_auc,3,0.7879150675124198,5
bank,classification,logreg,llm_claude-sonnet__zero_shot,roc_auc,4,0.7919611390774717,5
bank,classification,random_forest,llm_claude-sonnet__zero_shot,accuracy,0,0.8906287933964554,5
bank,classification,random_forest,llm_claude-sonnet__zero_shot,accuracy,1,0.8892935178441369,5
bank,classification,random_forest,llm_claude-sonnet__zero_shot,accuracy,2,0.894634620053411,5
bank,classification,random_forest,llm_claude-sonnet__zero_shot,accuracy,3,0.8934077940997937,5
bank,classification,random_forest,llm_claude-sonnet__zero_shot,accuracy,4,0.8926793735583344,5
bank,classification,random_forest,llm_claude-sonnet__zero_shot,f1,0,0.3641496118560339,5
bank,classification,random_forest,llm_claude-sonnet__zero_shot,f1,1,0.3631284916201117,5
bank,classification,random_forest,llm_claude-sonnet__zero_shot,f1,2,0.4166666666666667,5
bank,classification,random_forest,llm_claude-sonnet__zero_shot,f1,3,0.3764204545454545,5
bank,classification,random_forest,llm_claude-sonnet__zero_shot,f1,4,0.3730496453900709,5
bank,classification,random_forest,llm_claude-sonnet__zero_shot,roc_auc,0,0.7672225104957782,5
bank,classification,random_forest,llm_claude-sonnet__zero_shot,roc_auc,1,0.7695097646115383,5
bank,classification,random_forest,llm_claude-sonnet__zero_shot,roc_auc,2,0.7788558717392329,5
bank,classification,random_forest,llm_claude-sonnet__zero_shot,roc_auc,3,0.7727258051009384,5
bank,classification,random_forest,llm_claude-sonnet__zero_shot,roc_auc,4,0.7793761293351136,5
bank,classification,xgboost,llm_claude-sonnet__zero_shot,accuracy,0,0.8965768390386016,5
bank,classification,xgboost,llm_claude-sonnet__zero_shot,accuracy,1,0.8973051711580481,5
bank,classification,xgboost,llm_claude-sonnet__zero_shot,accuracy,2,0.9038601602330664,5
bank,classification,xgboost,llm_claude-sonnet__zero_shot,accuracy,3,0.9014204200558456,5
bank,classification,xgboost,llm_claude-sonnet__zero_shot,accuracy,4,0.8995993687021974,5
bank,classification,xgboost,llm_claude-sonnet__zero_shot,f1,0,0.3574660633484163,5
bank,classification,xgboost,llm_claude-sonnet__zero_shot,f1,1,0.3751846381093057,5
bank,classification,xgboost,llm_claude-sonnet__zero_shot,f1,2,0.4185022026431718,5
bank,classification,xgboost,llm_claude-sonnet__zero_shot,f1,3,0.3848484848484848,5
bank,classification,xgboost,llm_claude-sonnet__zero_shot,f1,4,0.3643351268255188,5
bank,classification,xgboost,llm_claude-sonnet__zero_shot,roc_auc,0,0.7921518261474599,5
bank,classification,xgboost,llm_claude-sonnet__zero_shot,roc_auc,1,0.7915903315014859,5
bank,classification,xgboost,llm_claude-sonnet__zero_shot,roc_auc,2,0.8090210623142601,5
bank,classification,xgboost,llm_claude-sonnet__zero_shot,roc_auc,3,0.798836077155703,5
bank,classification,xgboost,llm_claude-sonnet__zero_shot,roc_auc,4,0.8007575686093196,5
bank,classification,logreg,llm_gemini-flash__zero_shot,accuracy,0,0.8962126729788784,4
bank,classification,logreg,llm_gemini-flash__zero_shot,accuracy,1,0.900825443068706,4
bank,classification,logreg,llm_gemini-flash__zero_shot,accuracy,2,0.9051954357853847,4
bank,classification,logreg,llm_gemini-flash__zero_shot,accuracy,3,0.8992351584314677,4
bank,classification,logreg,llm_gemini-flash__zero_shot,accuracy,4,0.8988709481607381,4
bank,classification,logreg,llm_gemini-flash__zero_shot,f1,0,0.2939719240297275,4
bank,classification,logreg,llm_gemini-flash__zero_shot,f1,1,0.3437751004016064,4
bank,classification,logreg,llm_gemini-flash__zero_shot,f1,2,0.3969111969111969,4
bank,classification,logreg,llm_gemini-flash__zero_shot,f1,3,0.3412698412698413,4
bank,classification,logreg,llm_gemini-flash__zero_shot,f1,4,0.327683615819209,4
bank,classification,logreg,llm_gemini-flash__zero_shot,roc_auc,0,0.7885635820085853,4
bank,classification,logreg,llm_gemini-flash__zero_shot,roc_auc,1,0.7851891598660314,4
bank,classification,logreg,llm_gemini-flash__zero_shot,roc_auc,2,0.8046540373366668,4
bank,classification,logreg,llm_gemini-flash__zero_shot,roc_auc,3,0.7873841620628323,4
bank,classification,logreg,llm_gemini-flash__zero_shot,roc_auc,4,0.791664872901147,4
bank,classification,random_forest,llm_gemini-flash__zero_shot,accuracy,0,0.8942704539936878,4
bank,classification,random_forest,llm_gemini-flash__zero_shot,accuracy,1,0.8907501820830298,4
bank,classification,random_forest,llm_gemini-flash__zero_shot,accuracy,2,0.8975479485311969,4
bank,classification,random_forest,llm_gemini-flash__zero_shot,accuracy,3,0.8965642831127838,4
bank,classification,random_forest,llm_gemini-flash__zero_shot,accuracy,4,0.8935291975233701,4
bank,classification,random_forest,llm_gemini-flash__zero_shot,f1,0,0.372930165586753,4
bank,classification,random_forest,llm_gemini-flash__zero_shot,f1,1,0.3706293706293706,4
bank,classification,random_forest,llm_gemini-flash__zero_shot,f1,2,0.431266846361186,4
bank,classification,random_forest,llm_gemini-flash__zero_shot,f1,3,0.375366568914956,4
bank,classification,random_forest,llm_gemini-flash__zero_shot,f1,4,0.3704235463029433,4
bank,classification,random_forest,llm_gemini-flash__zero_shot,roc_auc,0,0.7721275178074437,4
bank,classification,random_forest,llm_gemini-flash__zero_shot,roc_auc,1,0.7740284771687344,4
bank,classification,random_forest,llm_gemini-flash__zero_shot,roc_auc,2,0.7858614350912777,4
bank,classification,random_forest,llm_gemini-flash__zero_shot,roc_auc,3,0.7791728195281208,4
bank,classification,random_forest,llm_gemini-flash__zero_shot,roc_auc,4,0.7832380573548905,4
bank,classification,xgboost,llm_gemini-flash__zero_shot,accuracy,0,0.8959698956057296,4
bank,classification,xgboost,llm_gemini-flash__zero_shot,accuracy,1,0.8948773974265598,4
bank,classification,xgboost,llm_gemini-flash__zero_shot,accuracy,2,0.9027676620538966,4
bank,classification,xgboost,llm_gemini-flash__zero_shot,accuracy,3,0.9000849823965036,4
bank,classification,xgboost,llm_gemini-flash__zero_shot,accuracy,4,0.9014204200558456,4
bank,classification,xgboost,llm_gemini-flash__zero_shot,f1,0,0.3482889733840304,4
bank,classification,xgboost,llm_gemini-flash__zero_shot,f1,1,0.3566121842496285,4
bank,classification,xgboost,llm_gemini-flash__zero_shot,f1,2,0.4131868131868131,4
bank,classification,xgboost,llm_gemini-flash__zero_shot,f1,3,0.3769871309613928,4
bank,classification,xgboost,llm_gemini-flash__zero_shot,f1,4,0.3782542113323124,4
bank,classification,xgboost,llm_gemini-flash__zero_shot,roc_auc,0,0.7892910632577008,4
bank,classification,xgboost,llm_gemini-flash__zero_shot,roc_auc,1,0.7917782825840841,4
bank,classification,xgboost,llm_gemini-flash__zero_shot,roc_auc,2,0.8068432620642482,4
bank,classification,xgboost,llm_gemini-flash__zero_shot,roc_auc,3,0.795536015469827,4
bank,classification,xgboost,llm_gemini-flash__zero_shot,roc_auc,4,0.7961576657970099,4
bank,classification,logreg,llm_deepseek-v3__zero_shot,accuracy,0,0.8963340616654528,3
bank,classification,logreg,llm_deepseek-v3__zero_shot,accuracy,1,0.9013109978150036,3
bank,classification,logreg,llm_deepseek-v3__zero_shot,accuracy,2,0.9054382131585336,3
bank,classification,logreg,llm_deepseek-v3__zero_shot,accuracy,3,0.8998421755493505,3
bank,classification,logreg,llm_deepseek-v3__zero_shot,accuracy,4,0.8991137550078913,3
bank,classification,logreg,llm_deepseek-v3__zero_shot,f1,0,0.2906976744186046,3
bank,classification,logreg,llm_deepseek-v3__zero_shot,f1,1,0.3469879518072289,3
bank,classification,logreg,llm_deepseek-v3__zero_shot,f1,2,0.3993831919814957,3
bank,classification,logreg,llm_deepseek-v3__zero_shot,f1,3,0.3426294820717131,3
bank,classification,logreg,llm_deepseek-v3__zero_shot,f1,4,0.3292978208232445,3
bank,classification,logreg,llm_deepseek-v3__zero_shot,roc_auc,0,0.7891913386244636,3
bank,classification,logreg,llm_deepseek-v3__zero_shot,roc_auc,1,0.7835462462852022,3
bank,classification,logreg,llm_deepseek-v3__zero_shot,roc_auc,2,0.8042942768526817,3
bank,classification,logreg,llm_deepseek-v3__zero_shot,roc_auc,3,0.7872331171772166,3
bank,classification,logreg,llm_deepseek-v3__zero_shot,roc_auc,4,0.7922624179683999,3
bank,classification,random_forest,llm_deepseek-v3__zero_shot,accuracy,0,0.8908715707696043,3
bank,classification,random_forest,llm_deepseek-v3__zero_shot,accuracy,1,0.8911143481427531,3
bank,classification,random_forest,llm_deepseek-v3__zero_shot,accuracy,2,0.8959698956057296,3
bank,classification,random_forest,llm_deepseek-v3__zero_shot,accuracy,3,0.8935291975233701,3
bank,classification,random_forest,llm_deepseek-v3__zero_shot,accuracy,4,0.8917081461697219,3
bank,classification,random_forest,llm_deepseek-v3__zero_shot,f1,0,0.3691228070175438,3
bank,classification,random_forest,llm_deepseek-v3__zero_shot,f1,1,0.3740404745289602,3
bank,classification,random_forest,llm_deepseek-v3__zero_shot,f1,2,0.418194161575017,3
bank,classification,random_forest,llm_deepseek-v3__zero_shot,f1,3,0.3749109052031361,3
bank,classification,random_forest,llm_deepseek-v3__zero_shot,f1,4,0.3601147776183644,3
bank,classification,random_forest,llm_deepseek-v3__zero_shot,roc_auc,0,0.7670009493372328,3
bank,classification,random_forest,llm_deepseek-v3__zero_shot,roc_auc,1,0.7731671452662863,3
bank,classification,random_forest,llm_deepseek-v3__zero_shot,roc_auc,2,0.7825448723996415,3
bank,classification,random_forest,llm_deepseek-v3__zero_shot,roc_auc,3,0.7707368631493529,3
bank,classification,random_forest,llm_deepseek-v3__zero_shot,roc_auc,4,0.7783390134269984,3
bank,classification,xgboost,llm_deepseek-v3__zero_shot,accuracy,0,0.8968196164117505,3
bank,classification,xgboost,llm_deepseek-v3__zero_shot,accuracy,1,0.8974265598446225,3
bank,classification,xgboost,llm_deepseek-v3__zero_shot,accuracy,2,0.9041029376062152,3
bank,classification,xgboost,llm_deepseek-v3__zero_shot,accuracy,3,0.9004491926672332,3
bank,classification,xgboost,llm_deepseek-v3__zero_shot,accuracy,4,0.9003277892436566,3
bank,classification,xgboost,llm_deepseek-v3__zero_shot,f1,0,0.358974358974359,3
bank,classification,xgboost,llm_deepseek-v3__zero_shot,f1,1,0.3773028739867354,3
bank,classification,xgboost,llm_deepseek-v3__zero_shot,f1,2,0.4216691068814056,3
bank,classification,xgboost,llm_deepseek-v3__zero_shot,f1,3,0.3853073463268366,3
bank,classification,xgboost,llm_deepseek-v3__zero_shot,f1,4,0.3699155794320798,3
bank,classification,xgboost,llm_deepseek-v3__zero_shot,roc_auc,0,0.7921057597056465,3
bank,classification,xgboost,llm_deepseek-v3__zero_shot,roc_auc,1,0.7912338878013114,3
bank,classification,xgboost,llm_deepseek-v3__zero_shot,roc_auc,2,0.8092372429124016,3
bank,classification,xgboost,llm_deepseek-v3__zero_shot,roc_auc,3,0.799196108010436,3
bank,classification,xgboost,llm_deepseek-v3__zero_shot,roc_auc,4,0.8003819835960388,3
bank,classification,logreg,llm_llama-3.3__zero_shot,accuracy,0,0.8962126729788784,4
bank,classification,logreg,llm_llama-3.3__zero_shot,accuracy,1,0.9007040543821316,4
bank,classification,logreg,llm_llama-3.3__zero_shot,accuracy,2,0.9042243262927896,4
bank,classification,logreg,llm_llama-3.3__zero_shot,accuracy,3,0.8994779652786209,4
bank,classification,logreg,llm_llama-3.3__zero_shot,accuracy,4,0.8992351584314677,4
bank,classification,logreg,llm_llama-3.3__zero_shot,f1,0,0.292803970223325,4
bank,classification,logreg,llm_llama-3.3__zero_shot,f1,1,0.3434991974317817,4
bank,classification,logreg,llm_llama-3.3__zero_shot,f1,2,0.3944742900997697,4
bank,classification,logreg,llm_llama-3.3__zero_shot,f1,3,0.34181240063593,4
bank,classification,logreg,llm_llama-3.3__zero_shot,f1,4,0.336,4
bank,classification,logreg,llm_llama-3.3__zero_shot,roc_auc,0,0.7890350812538327,4
bank,classification,logreg,llm_llama-3.3__zero_shot,roc_auc,1,0.7861703382235011,4
bank,classification,logreg,llm_llama-3.3__zero_shot,roc_auc,2,0.8051853861031181,4
bank,classification,logreg,llm_llama-3.3__zero_shot,roc_auc,3,0.78747866647638,4
bank,classification,logreg,llm_llama-3.3__zero_shot,roc_auc,4,0.790503839739386,4
bank,classification,random_forest,llm_llama-3.3__zero_shot,accuracy,0,0.8908715707696043,4
bank,classification,random_forest,llm_llama-3.3__zero_shot,accuracy,1,0.8903860160233066,4
bank,classification,random_forest,llm_llama-3.3__zero_shot,accuracy,2,0.894027676620539,4
bank,classification,random_forest,llm_llama-3.3__zero_shot,accuracy,3,0.8948646351827122,4
bank,classification,random_forest,llm_llama-3.3__zero_shot,accuracy,4,0.8937720043705233,4
bank,classification,random_forest,llm_llama-3.3__zero_shot,f1,0,0.3673469387755102,4
bank,classification,random_forest,llm_llama-3.3__zero_shot,f1,1,0.3672039243167484,4
bank,classification,random_forest,llm_llama-3.3__zero_shot,f1,2,0.40571817562968,4
bank,classification,random_forest,llm_llama-3.3__zero_shot,f1,3,0.3796561604584527,4
bank,classification,random_forest,llm_llama-3.3__zero_shot,f1,4,0.3772241992882562,4
bank,classification,random_forest,llm_llama-3.3__zero_shot,roc_auc,0,0.7634368071607152,4
bank,classification,random_forest,llm_llama-3.3__zero_shot,roc_auc,1,0.7737393273267609,4
bank,classification,random_forest,llm_llama-3.3__zero_shot,roc_auc,2,0.7826591171753384,4
bank,classification,random_forest,llm_llama-3.3__zero_shot,roc_auc,3,0.76837373679592,4
bank,classification,random_forest,llm_llama-3.3__zero_shot,roc_auc,4,0.777687434244979,4
bank,classification,xgboost,llm_llama-3.3__zero_shot,accuracy,0,0.8965768390386016,4
bank,classification,xgboost,llm_llama-3.3__zero_shot,accuracy,1,0.8959698956057296,4
bank,classification,xgboost,llm_llama-3.3__zero_shot,accuracy,2,0.9032532168001942,4
bank,classification,xgboost,llm_llama-3.3__zero_shot,accuracy,3,0.9002063858200802,4
bank,classification,xgboost,llm_llama-3.3__zero_shot,accuracy,4,0.901541823479422,4
bank,classification,xgboost,llm_llama-3.3__zero_shot,f1,0,0.3564954682779456,4
bank,classification,xgboost,llm_llama-3.3__zero_shot,f1,1,0.3618763961280715,4
bank,classification,xgboost,llm_llama-3.3__zero_shot,f1,2,0.4262059035277177,4
bank,classification,xgboost,llm_llama-3.3__zero_shot,f1,3,0.3734756097560975,4
bank,classification,xgboost,llm_llama-3.3__zero_shot,f1,4,0.3766333589546503,4
bank,classification,xgboost,llm_llama-3.3__zero_shot,roc_auc,0,0.7915038002971839,4
bank,classification,xgboost,llm_llama-3.3__zero_shot,roc_auc,1,0.7886150290108025,4
bank,classification,xgboost,llm_llama-3.3__zero_shot,roc_auc,2,0.8077424790084438,4
bank,classification,xgboost,llm_llama-3.3__zero_shot,roc_auc,3,0.7984757514354056,4
bank,classification,xgboost,llm_llama-3.3__zero_shot,roc_auc,4,0.798830695859144,4
bank,classification,logreg,llm_qwen-2.5__zero_shot,accuracy,0,0.896091284292304,6
bank,classification,logreg,llm_qwen-2.5__zero_shot,accuracy,1,0.9005826656955572,6
bank,classification,logreg,llm_qwen-2.5__zero_shot,accuracy,2,0.9053168244719592,6
bank,classification,logreg,llm_qwen-2.5__zero_shot,accuracy,3,0.8992351584314677,6
bank,classification,logreg,llm_qwen-2.5__zero_shot,accuracy,4,0.8987495447371616,6
bank,classification,logreg,llm_qwen-2.5__zero_shot,f1,0,0.2866666666666667,6
bank,classification,logreg,llm_qwen-2.5__zero_shot,f1,1,0.3400483481063658,6
bank,classification,logreg,llm_qwen-2.5__zero_shot,f1,2,0.3981481481481481,6
bank,classification,logreg,llm_qwen-2.5__zero_shot,f1,3,0.339171974522293,6
bank,classification,logreg,llm_qwen-2.5__zero_shot,f1,4,0.3285024154589372,6
bank,classification,logreg,llm_qwen-2.5__zero_shot,roc_auc,0,0.7882835717486675,6
bank,classification,logreg,llm_qwen-2.5__zero_shot,roc_auc,1,0.784418265602151,6
bank,classification,logreg,llm_qwen-2.5__zero_shot,roc_auc,2,0.8042970776923439,6
bank,classification,logreg,llm_qwen-2.5__zero_shot,roc_auc,3,0.7868613654162794,6
bank,classification,logreg,llm_qwen-2.5__zero_shot,roc_auc,4,0.7917065226621879,6
bank,classification,random_forest,llm_qwen-2.5__zero_shot,accuracy,0,0.8948773974265598,6
bank,classification,random_forest,llm_qwen-2.5__zero_shot,accuracy,1,0.8890507404709881,6
bank,classification,random_forest,llm_qwen-2.5__zero_shot,accuracy,2,0.8980335032774945,6
bank,classification,random_forest,llm_qwen-2.5__zero_shot,accuracy,3,0.8968070899599369,6
bank,classification,random_forest,llm_qwen-2.5__zero_shot,accuracy,4,0.8947432317591356,6
bank,classification,random_forest,llm_qwen-2.5__zero_shot,f1,0,0.3706395348837209,6
bank,classification,random_forest,llm_qwen-2.5__zero_shot,f1,1,0.3526912181303116,6
bank,classification,random_forest,llm_qwen-2.5__zero_shot,f1,2,0.422283356258597,6
bank,classification,random_forest,llm_qwen-2.5__zero_shot,f1,3,0.3795620437956204,6
bank,classification,random_forest,llm_qwen-2.5__zero_shot,f1,4,0.3767074047447879,6
bank,classification,random_forest,llm_qwen-2.5__zero_shot,roc_auc,0,0.7688629917684796,6
bank,classification,random_forest,llm_qwen-2.5__zero_shot,roc_auc,1,0.7750030219585828,6
bank,classification,random_forest,llm_qwen-2.5__zero_shot,roc_auc,2,0.7809929861078352,6
bank,classification,random_forest,llm_qwen-2.5__zero_shot,roc_auc,3,0.7770529572657234,6
bank,classification,random_forest,llm_qwen-2.5__zero_shot,roc_auc,4,0.7826630695033522,6
bank,classification,xgboost,llm_qwen-2.5__zero_shot,accuracy,0,0.8968196164117505,6
bank,classification,xgboost,llm_qwen-2.5__zero_shot,accuracy,1,0.8954843408594318,6
bank,classification,xgboost,llm_qwen-2.5__zero_shot,accuracy,2,0.9024034959941734,6
bank,classification,xgboost,llm_qwen-2.5__zero_shot,accuracy,3,0.8992351584314677,6
bank,classification,xgboost,llm_qwen-2.5__zero_shot,accuracy,4,0.9006919995143863,6
bank,classification,xgboost,llm_qwen-2.5__zero_shot,f1,0,0.3580060422960725,6
bank,classification,xgboost,llm_qwen-2.5__zero_shot,f1,1,0.3617494440326168,6
bank,classification,xgboost,llm_qwen-2.5__zero_shot,f1,2,0.4165457184325108,6
bank,classification,xgboost,llm_qwen-2.5__zero_shot,f1,3,0.3712121212121212,6
bank,classification,xgboost,llm_qwen-2.5__zero_shot,f1,4,0.3726993865030675,6
bank,classification,xgboost,llm_qwen-2.5__zero_shot,roc_auc,0,0.7918121874852587,6
bank,classification,xgboost,llm_qwen-2.5__zero_shot,roc_auc,1,0.791974783598283,6
bank,classification,xgboost,llm_qwen-2.5__zero_shot,roc_auc,2,0.810282029812727,6
bank,classification,xgboost,llm_qwen-2.5__zero_shot,roc_auc,3,0.7982694929727638,6
bank,classification,xgboost,llm_qwen-2.5__zero_shot,roc_auc,4,0.8008870883086983,6
bank,classification,logreg,llm_gpt-4o-mini__with_stats,accuracy,0,0.896698227725176,6
bank,classification,logreg,llm_gpt-4o-mini__with_stats,accuracy,1,0.9003398883224083,6
bank,classification,logreg,llm_gpt-4o-mini__with_stats,accuracy,2,0.9041029376062152,6
bank,classification,logreg,llm_gpt-4o-mini__with_stats,accuracy,3,0.8975355105013961,6
bank,classification,logreg,llm_gpt-4o-mini__with_stats,accuracy,4,0.8992351584314677,6
bank,classification,logreg,llm_gpt-4o-mini__with_stats,f1,0,0.2972749793559042,6
bank,classification,logreg,llm_gpt-4o-mini__with_stats,f1,1,0.3416198877305533,6
bank,classification,logreg,llm_gpt-4o-mini__with_stats,f1,2,0.3923076923076923,6
bank,classification,logreg,llm_gpt-4o-mini__with_stats,f1,3,0.3354330708661417,6
bank,classification,logreg,llm_gpt-4o-mini__with_stats,f1,4,0.3317230273752012,6
bank,classification,logreg,llm_gpt-4o-mini__with_stats,roc_auc,0,0.7868266928864569,6
bank,classification,logreg,llm_gpt-4o-mini__with_stats,roc_auc,1,0.7835579655879994,6
bank,classification,logreg,llm_gpt-4o-mini__with_stats,roc_auc,2,0.8046334732770414,6
bank,classification,logreg,llm_gpt-4o-mini__with_stats,roc_auc,3,0.7873009362571417,6
bank,classification,logreg,llm_gpt-4o-mini__with_stats,roc_auc,4,0.7916469598180798,6
bank,classification,random_forest,llm_gpt-4o-mini__with_stats,accuracy,0,0.8912357368293276,6
bank,classification,random_forest,llm_gpt-4o-mini__with_stats,accuracy,1,0.892571012381646,6
bank,classification,random_forest,llm_gpt-4o-mini__with_stats,accuracy,2,0.8937848992473901,6
bank,classification,random_forest,llm_gpt-4o-mini__with_stats,accuracy,3,0.8941362146412529,6
bank,classification,random_forest,llm_gpt-4o-mini__with_stats,accuracy,4,0.8928007769819108,6
bank,classification,random_forest,llm_gpt-4o-mini__with_stats,f1,0,0.3645390070921986,6
bank,classification,random_forest,llm_gpt-4o-mini__with_stats,f1,1,0.3789473684210526,6
bank,classification,random_forest,llm_gpt-4o-mini__with_stats,f1,2,0.4067796610169492,6
bank,classification,random_forest,llm_gpt-4o-mini__with_stats,f1,3,0.3762517882689556,6
bank,classification,random_forest,llm_gpt-4o-mini__with_stats,f1,4,0.369735902926481,6
bank,classification,random_forest,llm_gpt-4o-mini__with_stats,roc_auc,0,0.7665534783480353,6
bank,classification,random_forest,llm_gpt-4o-mini__with_stats,roc_auc,1,0.7729510383744516,6
bank,classification,random_forest,llm_gpt-4o-mini__with_stats,roc_auc,2,0.7817296806453135,6
bank,classification,random_forest,llm_gpt-4o-mini__with_stats,roc_auc,3,0.7694430667669996,6
bank,classification,random_forest,llm_gpt-4o-mini__with_stats,roc_auc,4,0.7795434655431894,6
bank,classification,xgboost,llm_gpt-4o-mini__with_stats,accuracy,0,0.8974265598446225,6
bank,classification,xgboost,llm_gpt-4o-mini__with_stats,accuracy,1,0.8973051711580481,6
bank,classification,xgboost,llm_gpt-4o-mini__with_stats,accuracy,2,0.9033746054867686,6
bank,classification,xgboost,llm_gpt-4o-mini__with_stats,accuracy,3,0.9000849823965036,6
bank,classification,xgboost,llm_gpt-4o-mini__with_stats,accuracy,4,0.899963578972927,6
bank,classification,xgboost,llm_gpt-4o-mini__with_stats,f1,0,0.3544690603514133,6
bank,classification,xgboost,llm_gpt-4o-mini__with_stats,f1,1,0.3779411764705882,6
bank,classification,xgboost,llm_gpt-4o-mini__with_stats,f1,2,0.4231884057971014,6
bank,classification,xgboost,llm_gpt-4o-mini__with_stats,f1,3,0.375094912680334,6
bank,classification,xgboost,llm_gpt-4o-mini__with_stats,f1,4,0.3700305810397553,6
bank,classification,xgboost,llm_gpt-4o-mini__with_stats,roc_auc,0,0.7945208942638804,6
bank,classification,xgboost,llm_gpt-4o-mini__with_stats,roc_auc,1,0.7892360783527524,6
bank,classification,xgboost,llm_gpt-4o-mini__with_stats,roc_auc,2,0.8065496161375537,6
bank,classification,xgboost,llm_gpt-4o-mini__with_stats,roc_auc,3,0.7978189383896095,6
bank,classification,xgboost,llm_gpt-4o-mini__with_stats,roc_auc,4,0.7987527776336214,6
bank,classification,logreg,llm_claude-sonnet__with_stats,accuracy,0,0.8962126729788784,5
bank,classification,logreg,llm_claude-sonnet__with_stats,accuracy,1,0.901432386501578,5
bank,classification,logreg,llm_claude-sonnet__with_stats,accuracy,2,0.9053168244719592,5
bank,classification,logreg,llm_claude-sonnet__with_stats,accuracy,3,0.8988709481607381,5
bank,classification,logreg,llm_claude-sonnet__with_stats,accuracy,4,0.8991137550078913,5
bank,classification,logreg,llm_claude-sonnet__with_stats,f1,0,0.2892768079800499,5
bank,classification,logreg,llm_claude-sonnet__with_stats,f1,1,0.348314606741573,5
bank,classification,logreg,llm_claude-sonnet__with_stats,f1,2,0.3962848297213622,5
bank,classification,logreg,llm_claude-sonnet__with_stats,f1,3,0.3404592240696754,5
bank,classification,logreg,llm_claude-sonnet__with_stats,f1,4,0.3271255060728745,5
bank,classification,logreg,llm_claude-sonnet__with_stats,roc_auc,0,0.789773986980518,5
bank,classification,logreg,llm_claude-sonnet__with_stats,roc_auc,1,0.7849045061087788,5
bank,classification,logreg,llm_claude-sonnet__with_stats,roc_auc,2,0.805147353648757,5
bank,classification,logreg,llm_claude-sonnet__with_stats,roc_auc,3,0.787267321582744,5
bank,classification,logreg,llm_claude-sonnet__with_stats,roc_auc,4,0.7925808727784828,5
bank,classification,random_forest,llm_claude-sonnet__with_stats,accuracy,0,0.8907501820830298,5
bank,classification,random_forest,llm_claude-sonnet__with_stats,accuracy,1,0.8891721291575625,5
bank,classification,random_forest,llm_claude-sonnet__with_stats,accuracy,2,0.8957271182325808,5
bank,classification,random_forest,llm_claude-sonnet__with_stats,accuracy,3,0.8937720043705233,5
bank,classification,random_forest,llm_claude-sonnet__with_stats,accuracy,4,0.8931649872526405,5
bank,classification,random_forest,llm_claude-sonnet__with_stats,f1,0,0.3679775280898876,5
bank,classification,random_forest,llm_claude-sonnet__with_stats,f1,1,0.3655316191799861,5
bank,classification,random_forest,llm_claude-sonnet__with_stats,f1,2,0.4128503075871497,5
bank,classification,random_forest,llm_claude-sonnet__with_stats,f1,3,0.3709561466570812,5
bank,classification,random_forest,llm_claude-sonnet__with_stats,f1,4,0.367816091954023,5
bank,classification,random_forest,llm_claude-sonnet__with_stats,roc_auc,0,0.7681702261899146,5
bank,classification,random_forest,llm_claude-sonnet__with_stats,roc_auc,1,0.7701831454313883,5
bank,classification,random_forest,llm_claude-sonnet__with_stats,roc_auc,2,0.7832882005047407,5
bank,classification,random_forest,llm_claude-sonnet__with_stats,roc_auc,3,0.7722960385401089,5
bank,classification,random_forest,llm_claude-sonnet__with_stats,roc_auc,4,0.7800975916560123,5
bank,classification,xgboost,llm_claude-sonnet__with_stats,accuracy,0,0.8974265598446225,5
bank,classification,xgboost,llm_claude-sonnet__with_stats,accuracy,1,0.896698227725176,5
bank,classification,xgboost,llm_claude-sonnet__with_stats,accuracy,2,0.9037387715464918,5
bank,classification,xgboost,llm_claude-sonnet__with_stats,accuracy,3,0.899963578972927,5
bank,classification,xgboost,llm_claude-sonnet__with_stats,accuracy,4,0.899720772125774,5
bank,classification,xgboost,llm_claude-sonnet__with_stats,f1,0,0.3564356435643564,5
bank,classification,xgboost,llm_claude-sonnet__with_stats,f1,1,0.3710273466371027,5
bank,classification,xgboost,llm_claude-sonnet__with_stats,f1,2,0.4274368231046931,5
bank,classification,xgboost,llm_claude-sonnet__with_stats,f1,3,0.3729071537290715,5
bank,classification,xgboost,llm_claude-sonnet__with_stats,f1,4,0.3665644171779141,5
bank,classification,xgboost,llm_claude-sonnet__with_stats,roc_auc,0,0.7906684130147649,5
bank,classification,xgboost,llm_claude-sonnet__with_stats,roc_auc,1,0.7913700233501579,5
bank,classification,xgboost,llm_claude-sonnet__with_stats,roc_auc,2,0.8072031699608473,5
bank,classification,xgboost,llm_claude-sonnet__with_stats,roc_auc,3,0.8002408904232383,5
bank,classification,xgboost,llm_claude-sonnet__with_stats,roc_auc,4,0.7967959023122178,5
bank,classification,logreg,llm_gemini-flash__with_stats,accuracy,0,0.896091284292304,6
bank,classification,logreg,llm_gemini-flash__with_stats,accuracy,1,0.9004612770089827,6
bank,classification,logreg,llm_gemini-flash__with_stats,accuracy,2,0.9038601602330664,6
bank,classification,logreg,llm_gemini-flash__with_stats,accuracy,3,0.8989923515843147,6
bank,classification,logreg,llm_gemini-flash__with_stats,accuracy,4,0.8987495447371616,6
bank,classification,logreg,llm_gemini-flash__with_stats,f1,0,0.2995090016366612,6
bank,classification,logreg,llm_gemini-flash__with_stats,f1,1,0.344,6
bank,classification,logreg,llm_gemini-flash__with_stats,f1,2,0.3926380368098159,6
bank,classification,logreg,llm_gemini-flash__with_stats,f1,3,0.3417721518987341,6
bank,classification,logreg,llm_gemini-flash__with_stats,f1,4,0.3317307692307692,6
bank,classification,logreg,llm_gemini-flash__with_stats,roc_auc,0,0.790292805674796,6
bank,classification,logreg,llm_gemini-flash__with_stats,roc_auc,1,0.7844320486815416,6
bank,classification,logreg,llm_gemini-flash__with_stats,roc_auc,2,0.8047279647624888,6
bank,classification,logreg,llm_gemini-flash__with_stats,roc_auc,3,0.788602694009747,6
bank,classification,logreg,llm_gemini-flash__with_stats,roc_auc,4,0.7914910496506432,6
bank,classification,random_forest,llm_gemini-flash__with_stats,accuracy,0,0.894634620053411,6
bank,classification,random_forest,llm_gemini-flash__with_stats,accuracy,1,0.8895362952172857,6
bank,classification,random_forest,llm_gemini-flash__with_stats,accuracy,2,0.8956057295460063,6
bank,classification,random_forest,llm_gemini-flash__with_stats,accuracy,3,0.8954716523005949,6
bank,classification,random_forest,llm_gemini-flash__with_stats,accuracy,4,0.894621828335559,6
bank,classification,random_forest,llm_gemini-flash__with_stats,f1,0,0.3737373737373737,6
bank,classification,random_forest,llm_gemini-flash__with_stats,f1,1,0.3680555555555556,6
bank,classification,random_forest,llm_gemini-flash__with_stats,f1,2,0.4165535956580732,6
bank,classification,random_forest,llm_gemini-flash__with_stats,f1,3,0.3765387400434468,6
bank,classification,random_forest,llm_gemini-flash__with_stats,f1,4,0.3817663817663818,6
bank,classification,random_forest,llm_gemini-flash__with_stats,roc_auc,0,0.772330357564036,6
bank,classification,random_forest,llm_gemini-flash__with_stats,roc_auc,1,0.7779069767441859,6
bank,classification,random_forest,llm_gemini-flash__with_stats,roc_auc,2,0.7818571925562527,6
bank,classification,random_forest,llm_gemini-flash__with_stats,roc_auc,3,0.7700501212487203,6
bank,classification,random_forest,llm_gemini-flash__with_stats,roc_auc,4,0.7826923349106676,6
bank,classification,xgboost,llm_gemini-flash__with_stats,accuracy,0,0.8958485069191552,6
bank,classification,xgboost,llm_gemini-flash__with_stats,accuracy,1,0.8975479485311969,6
bank,classification,xgboost,llm_gemini-flash__with_stats,accuracy,2,0.903495994173343,6
bank,classification,xgboost,llm_gemini-flash__with_stats,accuracy,3,0.9008134029379627,6
bank,classification,xgboost,llm_gemini-flash__with_stats,accuracy,4,0.899963578972927,6
bank,classification,xgboost,llm_gemini-flash__with_stats,f1,0,0.3529411764705882,6
bank,classification,xgboost,llm_gemini-flash__with_stats,f1,1,0.3729569093610698,6
bank,classification,xgboost,llm_gemini-flash__with_stats,f1,2,0.4259927797833935,6
bank,classification,xgboost,llm_gemini-flash__with_stats,f1,3,0.3815291445874337,6
bank,classification,xgboost,llm_gemini-flash__with_stats,f1,4,0.3748103186646433,6
bank,classification,xgboost,llm_gemini-flash__with_stats,roc_auc,0,0.7899673923298268,6
bank,classification,xgboost,llm_gemini-flash__with_stats,roc_auc,1,0.7894453305580452,6
bank,classification,xgboost,llm_gemini-flash__with_stats,roc_auc,2,0.8093382942591631,6
bank,classification,xgboost,llm_gemini-flash__with_stats,roc_auc,3,0.7977062260274297,6
bank,classification,xgboost,llm_gemini-flash__with_stats,roc_auc,4,0.8000074306122353,6
bank,classification,logreg,llm_deepseek-v3__with_stats,accuracy,0,0.8970623937848993,5
bank,classification,logreg,llm_deepseek-v3__with_stats,accuracy,1,0.9003398883224083,5
bank,classification,logreg,llm_deepseek-v3__with_stats,accuracy,2,0.904345714979364,5
bank,classification,logreg,llm_deepseek-v3__with_stats,accuracy,3,0.8987495447371616,5
bank,classification,logreg,llm_deepseek-v3__with_stats,accuracy,4,0.8991137550078913,5
bank,classification,logreg,llm_deepseek-v3__with_stats,f1,0,0.3003300330033003,5
bank,classification,logreg,llm_deepseek-v3__with_stats,f1,1,0.3405622489959839,5
bank,classification,logreg,llm_deepseek-v3__with_stats,f1,2,0.3929121725731895,5
bank,classification,logreg,llm_deepseek-v3__with_stats,f1,3,0.3370429252782194,5
bank,classification,logreg,llm_deepseek-v3__with_stats,f1,4,0.3336006415396952,5
bank,classification,logreg,llm_deepseek-v3__with_stats,roc_auc,0,0.787538843223737,5
bank,classification,logreg,llm_deepseek-v3__with_stats,roc_auc,1,0.7852673622576536,5
bank,classification,logreg,llm_deepseek-v3__with_stats,roc_auc,2,0.804797322397283,5
bank,classification,logreg,llm_deepseek-v3__with_stats,roc_auc,3,0.7880834357499729,5
bank,classification,logreg,llm_deepseek-v3__with_stats,roc_auc,4,0.791085462066135,5
bank,classification,random_forest,llm_deepseek-v3__with_stats,accuracy,0,0.8901432386501578,5
bank,classification,random_forest,llm_deepseek-v3__with_stats,accuracy,1,0.891964068948774,5
bank,classification,random_forest,llm_deepseek-v3__with_stats,accuracy,2,0.8954843408594318,5
bank,classification,random_forest,llm_deepseek-v3__with_stats,accuracy,3,0.8952288454534418,5
bank,classification,random_forest,llm_deepseek-v3__with_stats,accuracy,4,0.8934077940997937,5
bank,classification,random_forest,llm_deepseek-v3__with_stats,f1,0,0.3631245601688951,5
bank,classification,random_forest,llm_deepseek-v3__with_stats,f1,1,0.376750700280112,5
bank,classification,random_forest,llm_deepseek-v3__with_stats,f1,2,0.4202020202020202,5
bank,classification,random_forest,llm_deepseek-v3__with_stats,f1,3,0.3777937995674116,5
bank,classification,random_forest,llm_deepseek-v3__with_stats,f1,4,0.3764204545454545,5
bank,classification,random_forest,llm_deepseek-v3__with_stats,roc_auc,0,0.7666990483041652,5
bank,classification,random_forest,llm_deepseek-v3__with_stats,roc_auc,1,0.775539751285438,5
bank,classification,random_forest,llm_deepseek-v3__with_stats,roc_auc,2,0.7813112499410348,5
bank,classification,random_forest,llm_deepseek-v3__with_stats,roc_auc,3,0.7740106817999537,5
bank,classification,random_forest,llm_deepseek-v3__with_stats,roc_auc,4,0.7825679753586745,5
bank,classification,xgboost,llm_deepseek-v3__with_stats,accuracy,0,0.8971837824714737,5
bank,classification,xgboost,llm_deepseek-v3__with_stats,accuracy,1,0.8954843408594318,5
bank,classification,xgboost,llm_deepseek-v3__with_stats,accuracy,2,0.9037387715464918,5
bank,classification,xgboost,llm_deepseek-v3__with_stats,accuracy,3,0.9012990166322692,5
bank,classification,xgboost,llm_deepseek-v3__with_stats,accuracy,4,0.8992351584314677,5
bank,classification,xgboost,llm_deepseek-v3__with_stats,f1,0,0.3588190764572294,5
bank,classification,xgboost,llm_deepseek-v3__with_stats,f1,1,0.3645756457564575,5
bank,classification,xgboost,llm_deepseek-v3__with_stats,f1,2,0.4290856731461483,5
bank,classification,xgboost,llm_deepseek-v3__with_stats,f1,3,0.3808073115003808,5
bank,classification,xgboost,llm_deepseek-v3__with_stats,f1,4,0.3615384615384615,5
bank,classification,xgboost,llm_deepseek-v3__with_stats,roc_auc,0,0.7925459337704609,5
bank,classification,xgboost,llm_deepseek-v3__with_stats,roc_auc,1,0.7908453818576349,5
bank,classification,xgboost,llm_deepseek-v3__with_stats,roc_auc,2,0.8093632806972026,5
bank,classification,xgboost,llm_deepseek-v3__with_stats,roc_auc,3,0.799346931746878,5
bank,classification,xgboost,llm_deepseek-v3__with_stats,roc_auc,4,0.7998240242308726,5
bank,classification,logreg,llm_llama-3.3__with_stats,accuracy,0,0.8963340616654528,5
bank,classification,logreg,llm_llama-3.3__with_stats,accuracy,1,0.9009468317552805,5
bank,classification,logreg,llm_llama-3.3__with_stats,accuracy,2,0.9048312697256616,5
bank,classification,logreg,llm_llama-3.3__with_stats,accuracy,3,0.8993565618550443,5
bank,classification,logreg,llm_llama-3.3__with_stats,accuracy,4,0.8989923515843147,5
bank,classification,logreg,llm_llama-3.3__with_stats,f1,0,0.2918739635157545,5
bank,classification,logreg,llm_llama-3.3__with_stats,f1,1,0.3408723747980614,5
bank,classification,logreg,llm_llama-3.3__with_stats,f1,2,0.3950617283950617,5
bank,classification,logreg,llm_llama-3.3__with_stats,f1,3,0.3415409054805401,5
bank,classification,logreg,llm_llama-3.3__with_stats,f1,4,0.3279483037156704,5
bank,classification,logreg,llm_llama-3.3__with_stats,roc_auc,0,0.7884987204585122,5
bank,classification,logreg,llm_llama-3.3__with_stats,roc_auc,1,0.7853028149912732,5
bank,classification,logreg,llm_llama-3.3__with_stats,roc_auc,2,0.804260519364121,5
bank,classification,logreg,llm_llama-3.3__with_stats,roc_auc,3,0.7875587961936393,5
bank,classification,logreg,llm_llama-3.3__with_stats,roc_auc,4,0.7918984801449325,5
bank,classification,random_forest,llm_llama-3.3__with_stats,accuracy,0,0.8926924010682205,5
bank,classification,random_forest,llm_llama-3.3__with_stats,accuracy,1,0.8911143481427531,5
bank,classification,random_forest,llm_llama-3.3__with_stats,accuracy,2,0.8958485069191552,5
bank,classification,random_forest,llm_llama-3.3__with_stats,accuracy,3,0.8936506009469467,5
bank,classification,random_forest,llm_llama-3.3__with_stats,accuracy,4,0.8929221804054874,5
bank,classification,random_forest,llm_llama-3.3__with_stats,f1,0,0.3631123919308357,5
bank,classification,random_forest,llm_llama-3.3__with_stats,f1,1,0.3757828810020877,5
bank,classification,random_forest,llm_llama-3.3__with_stats,f1,2,0.4107142857142857,5
bank,classification,random_forest,llm_llama-3.3__with_stats,f1,3,0.3652173913043478,5
bank,classification,random_forest,llm_llama-3.3__with_stats,f1,4,0.3690987124463519,5
bank,classification,random_forest,llm_llama-3.3__with_stats,roc_auc,0,0.771187467569225,5
bank,classification,random_forest,llm_llama-3.3__with_stats,roc_auc,1,0.7728840393414783,5
bank,classification,random_forest,llm_llama-3.3__with_stats,roc_auc,2,0.7794617375819615,5
bank,classification,random_forest,llm_llama-3.3__with_stats,roc_auc,3,0.7723660691117706,5
bank,classification,random_forest,llm_llama-3.3__with_stats,roc_auc,4,0.7764686811488906,5
bank,classification,xgboost,llm_llama-3.3__with_stats,accuracy,0,0.8968196164117505,5
bank,classification,xgboost,llm_llama-3.3__with_stats,accuracy,1,0.8963340616654528,5
bank,classification,xgboost,llm_llama-3.3__with_stats,accuracy,2,0.9051954357853847,5
bank,classification,xgboost,llm_llama-3.3__with_stats,accuracy,3,0.9006919995143863,5
bank,classification,xgboost,llm_llama-3.3__with_stats,accuracy,4,0.9009348063615394,5
bank,classification,xgboost,llm_llama-3.3__with_stats,f1,0,0.3628185907046476,5
bank,classification,xgboost,llm_llama-3.3__with_stats,f1,1,0.3729809104258443,5
bank,classification,xgboost,llm_llama-3.3__with_stats,f1,2,0.4328249818445897,5
bank,classification,xgboost,llm_llama-3.3__with_stats,f1,3,0.3803030303030303,5
bank,classification,xgboost,llm_llama-3.3__with_stats,f1,4,0.3789954337899543,5
bank,classification,xgboost,llm_llama-3.3__with_stats,roc_auc,0,0.789938204632294,5
bank,classification,xgboost,llm_llama-3.3__with_stats,roc_auc,1,0.7867251993018539,5
bank,classification,xgboost,llm_llama-3.3__with_stats,roc_auc,2,0.8092511734044059,5
bank,classification,xgboost,llm_llama-3.3__with_stats,roc_auc,3,0.7972065763277206,5
bank,classification,xgboost,llm_llama-3.3__with_stats,roc_auc,4,0.799723253924071,5
bank,classification,logreg,llm_qwen-2.5__with_stats,accuracy,0,0.8971837824714737,5
bank,classification,logreg,llm_qwen-2.5__with_stats,accuracy,1,0.9004612770089827,5
bank,classification,logreg,llm_qwen-2.5__with_stats,accuracy,2,0.9045884923525128,5
bank,classification,logreg,llm_qwen-2.5__with_stats,accuracy,3,0.8989923515843147,5
bank,classification,logreg,llm_qwen-2.5__with_stats,accuracy,4,0.8992351584314677,5
bank,classification,logreg,llm_qwen-2.5__with_stats,f1,0,0.2994210090984284,5
bank,classification,logreg,llm_qwen-2.5__with_stats,f1,1,0.3408360128617363,5
bank,classification,logreg,llm_qwen-2.5__with_stats,f1,2,0.3944530046224961,5
bank,classification,logreg,llm_qwen-2.5__with_stats,f1,3,0.3396825396825397,5
bank,classification,logreg,llm_qwen-2.5__with_stats,f1,4,0.3349358974358974,5
bank,classification,logreg,llm_qwen-2.5__with_stats,roc_auc,0,0.7880564089107978,5
bank,classification,logreg,llm_qwen-2.5__with_stats,roc_auc,1,0.7853311919194301,5
bank,classification,logreg,llm_qwen-2.5__with_stats,roc_auc,2,0.8044268744987971,5
bank,classification,logreg,llm_qwen-2.5__with_stats,roc_auc,3,0.7881578893051081,5
bank,classification,logreg,llm_qwen-2.5__with_stats,roc_auc,4,0.7910904747807379,5
bank,classification,random_forest,llm_qwen-2.5__with_stats,accuracy,0,0.8922068463219228,5
bank,classification,random_forest,llm_qwen-2.5__with_stats,accuracy,1,0.8894149065307113,5
bank,classification,random_forest,llm_qwen-2.5__with_stats,accuracy,2,0.8964554503520272,5
bank,classification,random_forest,llm_qwen-2.5__with_stats,accuracy,3,0.8934077940997937,5
bank,classification,random_forest,llm_qwen-2.5__with_stats,accuracy,4,0.8931649872526405,5
bank,classification,random_forest,llm_qwen-2.5__with_stats,f1,0,0.3629842180774749,5
bank,classification,random_forest,llm_qwen-2.5__with_stats,f1,1,0.3607017543859649,5
bank,classification,random_forest,llm_qwen-2.5__with_stats,f1,2,0.4137457044673539,5
bank,classification,random_forest,llm_qwen-2.5__with_stats,f1,3,0.3674351585014409,5
bank,classification,random_forest,llm_qwen-2.5__with_stats,f1,4,0.3641618497109826,5
bank,classification,random_forest,llm_qwen-2.5__with_stats,roc_auc,0,0.764988914571442,5
bank,classification,random_forest,llm_qwen-2.5__with_stats,roc_auc,1,0.7757307243266192,5
bank,classification,random_forest,llm_qwen-2.5__with_stats,roc_auc,2,0.7828402872777018,5
bank,classification,random_forest,llm_qwen-2.5__with_stats,roc_auc,3,0.773994906492232,5
bank,classification,random_forest,llm_qwen-2.5__with_stats,roc_auc,4,0.7789793877175516,5
bank,classification,xgboost,llm_qwen-2.5__with_stats,accuracy,0,0.8974265598446225,5
bank,classification,xgboost,llm_qwen-2.5__with_stats,accuracy,1,0.8969410050983249,5
bank,classification,xgboost,llm_qwen-2.5__with_stats,accuracy,2,0.9031318281136198,5
bank,classification,xgboost,llm_qwen-2.5__with_stats,accuracy,3,0.9004491926672332,5
bank,classification,xgboost,llm_qwen-2.5__with_stats,accuracy,4,0.8994779652786209,5
bank,classification,xgboost,llm_qwen-2.5__with_stats,f1,0,0.36418359668924,5
bank,classification,xgboost,llm_qwen-2.5__with_stats,f1,1,0.3668903803131991,5
bank,classification,xgboost,llm_qwen-2.5__with_stats,f1,2,0.4258992805755395,5
bank,classification,xgboost,llm_qwen-2.5__with_stats,f1,3,0.3768996960486322,5
bank,classification,xgboost,llm_qwen-2.5__with_stats,f1,4,0.3679389312977099,5
bank,classification,xgboost,llm_qwen-2.5__with_stats,roc_auc,0,0.7924112723477523,5
bank,classification,xgboost,llm_qwen-2.5__with_stats,roc_auc,1,0.7879731207839993,5
bank,classification,xgboost,llm_qwen-2.5__with_stats,roc_auc,2,0.8096421116562101,5
bank,classification,xgboost,llm_qwen-2.5__with_stats,roc_auc,3,0.8013905712607509,5
bank,classification,xgboost,llm_qwen-2.5__with_stats,roc_auc,4,0.7984287940941965,5
churn,classification,logreg,llm_gpt-5.5__zero_shot,accuracy,0,0.8133427963094393,7
churn,classification,logreg,llm_gpt-5.5__zero_shot,accuracy,1,0.8097941802696949,7
churn,classification,logreg,llm_gpt-5.5__zero_shot,accuracy,2,0.8119233498935415,7
churn,classification,logreg,llm_gpt-5.5__zero_shot,accuracy,3,0.7940340909090909,7
churn,classification,logreg,llm_gpt-5.5__zero_shot,accuracy,4,0.8039772727272727,7
churn,classification,logreg,llm_gpt-5.5__zero_shot,f1,0,0.6080476900149031,7
churn,classification,logreg,llm_gpt-5.5__zero_shot,f1,1,0.5975975975975976,7
churn,classification,logreg,llm_gpt-5.5__zero_shot,f1,2,0.6026986506746627,7
churn,classification,logreg,llm_gpt-5.5__zero_shot,f1,3,0.5619335347432024,7
churn,classification,logreg,llm_gpt-5.5__zero_shot,f1,4,0.5843373493975904,7
churn,classification,logreg,llm_gpt-5.5__zero_shot,roc_auc,0,0.8575667157508591,7
churn,classification,logreg,llm_gpt-5.5__zero_shot,roc_auc,1,0.847505748017257,7
churn,classification,logreg,llm_gpt-5.5__zero_shot,roc_auc,2,0.8604510578935133,7
churn,classification,logreg,llm_gpt-5.5__zero_shot,roc_auc,3,0.8315149395811477,7
churn,classification,logreg,llm_gpt-5.5__zero_shot,roc_auc,4,0.840649210273172,7
churn,classification,random_forest,llm_gpt-5.5__zero_shot,accuracy,0,0.7984386089425124,7
churn,classification,random_forest,llm_gpt-5.5__zero_shot,accuracy,1,0.8041163946061036,7
churn,classification,random_forest,llm_gpt-5.5__zero_shot,accuracy,2,0.7963094393186657,7
churn,classification,random_forest,llm_gpt-5.5__zero_shot,accuracy,3,0.7826704545454546,7
churn,classification,random_forest,llm_gpt-5.5__zero_shot,accuracy,4,0.7805397727272727,7
churn,classification,random_forest,llm_gpt-5.5__zero_shot,f1,0,0.5811209439528023,7
churn,classification,random_forest,llm_gpt-5.5__zero_shot,f1,1,0.591715976331361,7
churn,classification,random_forest,llm_gpt-5.5__zero_shot,f1,2,0.5684210526315789,7
churn,classification,random_forest,llm_gpt-5.5__zero_shot,f1,3,0.5321100917431193,7
churn,classification,random_forest,llm_gpt-5.5__zero_shot,f1,4,0.5224111282843895,7
churn,classification,random_forest,llm_gpt-5.5__zero_shot,roc_auc,0,0.8387196775943578,7
churn,classification,random_forest,llm_gpt-5.5__zero_shot,roc_auc,1,0.827112557803095,7
churn,classification,random_forest,llm_gpt-5.5__zero_shot,roc_auc,2,0.8392389366813919,7
churn,classification,random_forest,llm_gpt-5.5__zero_shot,roc_auc,3,0.8121951535402986,7
churn,classification,random_forest,llm_gpt-5.5__zero_shot,roc_auc,4,0.8263428459127629,7
churn,classification,xgboost,llm_gpt-5.5__zero_shot,accuracy,0,0.7970191625266146,7
churn,classification,xgboost,llm_gpt-5.5__zero_shot,accuracy,1,0.7963094393186657,7
churn,classification,xgboost,llm_gpt-5.5__zero_shot,accuracy,2,0.8126330731014905,7
churn,classification,xgboost,llm_gpt-5.5__zero_shot,accuracy,3,0.7713068181818182,7
churn,classification,xgboost,llm_gpt-5.5__zero_shot,accuracy,4,0.7904829545454546,7
churn,classification,xgboost,llm_gpt-5.5__zero_shot,f1,0,0.573134328358209,7
churn,classification,xgboost,llm_gpt-5.5__zero_shot,f1,1,0.5834542815674891,7
churn,classification,xgboost,llm_gpt-5.5__zero_shot,f1,2,0.6140350877192983,7
churn,classification,xgboost,llm_gpt-5.5__zero_shot,f1,3,0.5306122448979592,7
churn,classification,xgboost,llm_gpt-5.5__zero_shot,f1,4,0.555052790346908,7
churn,classification,xgboost,llm_gpt-5.5__zero_shot,roc_auc,0,0.8416918546074555,7
churn,classification,xgboost,llm_gpt-5.5__zero_shot,roc_auc,1,0.831136169882973,7
churn,classification,xgboost,llm_gpt-5.5__zero_shot,roc_auc,2,0.8444573613371567,7
churn,classification,xgboost,llm_gpt-5.5__zero_shot,roc_auc,3,0.8176062996205202,7
churn,classification,xgboost,llm_gpt-5.5__zero_shot,roc_auc,4,0.8260441771222291,7
churn,classification,logreg,llm_gpt-5.5__with_stats,accuracy,0,0.8119233498935415,7
churn,classification,logreg,llm_gpt-5.5__with_stats,accuracy,1,0.8048261178140526,7
churn,classification,logreg,llm_gpt-5.5__with_stats,accuracy,2,0.8133427963094393,7
churn,classification,logreg,llm_gpt-5.5__with_stats,accuracy,3,0.7933238636363636,7
churn,classification,logreg,llm_gpt-5.5__with_stats,accuracy,4,0.7997159090909091,7
churn,classification,logreg,llm_gpt-5.5__with_stats,f1,0,0.6142649199417758,7
churn,classification,logreg,llm_gpt-5.5__with_stats,f1,1,0.5985401459854015,7
churn,classification,logreg,llm_gpt-5.5__with_stats,f1,2,0.6080476900149031,7
churn,classification,logreg,llm_gpt-5.5__with_stats,f1,3,0.562406015037594,7
churn,classification,logreg,llm_gpt-5.5__with_stats,f1,4,0.5740181268882175,7
churn,classification,logreg,llm_gpt-5.5__with_stats,roc_auc,0,0.8542651579735978,7
churn,classification,logreg,llm_gpt-5.5__with_stats,roc_auc,1,0.8439303521144953,7
churn,classification,logreg,llm_gpt-5.5__with_stats,roc_auc,2,0.8614456586323594,7
churn,classification,logreg,llm_gpt-5.5__with_stats,roc_auc,3,0.826572638613669,7
churn,classification,logreg,llm_gpt-5.5__with_stats,roc_auc,4,0.8376211483362468,7
churn,classification,random_forest,llm_gpt-5.5__with_stats,accuracy,0,0.7892122072391767,7
churn,classification,random_forest,llm_gpt-5.5__with_stats,accuracy,1,0.7991483321504613,7
churn,classification,random_forest,llm_gpt-5.5__with_stats,accuracy,2,0.794180269694819,7
churn,classification,random_forest,llm_gpt-5.5__with_stats,accuracy,3,0.7826704545454546,7
churn,classification,random_forest,llm_gpt-5.5__with_stats,accuracy,4,0.7862215909090909,7
churn,classification,random_forest,llm_gpt-5.5__with_stats,f1,0,0.5638766519823789,7
churn,classification,random_forest,llm_gpt-5.5__with_stats,f1,1,0.5807407407407408,7
churn,classification,random_forest,llm_gpt-5.5__with_stats,f1,2,0.5671641791044776,7
churn,classification,random_forest,llm_gpt-5.5__with_stats,f1,3,0.5306748466257669,7
churn,classification,random_forest,llm_gpt-5.5__with_stats,f1,4,0.5446293494704992,7
churn,classification,random_forest,llm_gpt-5.5__with_stats,roc_auc,0,0.8346095223333075,7
churn,classification,random_forest,llm_gpt-5.5__with_stats,roc_auc,1,0.8249580200986849,7
churn,classification,random_forest,llm_gpt-5.5__with_stats,roc_auc,2,0.8381306672866775,7
churn,classification,random_forest,llm_gpt-5.5__with_stats,roc_auc,3,0.8125590913211848,7
churn,classification,random_forest,llm_gpt-5.5__with_stats,roc_auc,4,0.824835279636736,7
churn,classification,xgboost,llm_gpt-5.5__with_stats,accuracy,0,0.7977288857345636,7
churn,classification,xgboost,llm_gpt-5.5__with_stats,accuracy,1,0.7821149751596878,7
churn,classification,xgboost,llm_gpt-5.5__with_stats,accuracy,2,0.7955997161107168,7
churn,classification,xgboost,llm_gpt-5.5__with_stats,accuracy,3,0.7705965909090909,7
churn,classification,xgboost,llm_gpt-5.5__with_stats,accuracy,4,0.7840909090909091,7
churn,classification,xgboost,llm_gpt-5.5__with_stats,f1,0,0.5765230312035661,7
churn,classification,xgboost,llm_gpt-5.5__with_stats,f1,1,0.5544267053701016,7
churn,classification,xgboost,llm_gpt-5.5__with_stats,f1,2,0.5789473684210527,7
churn,classification,xgboost,llm_gpt-5.5__with_stats,f1,3,0.5142857142857142,7
churn,classification,xgboost,llm_gpt-5.5__with_stats,f1,4,0.5421686746987951,7
churn,classification,xgboost,llm_gpt-5.5__with_stats,roc_auc,0,0.8383050453382934,7
churn,classification,xgboost,llm_gpt-5.5__with_stats,roc_auc,1,0.8230321113952828,7
churn,classification,xgboost,llm_gpt-5.5__with_stats,roc_auc,2,0.8301971117827895,7
churn,classification,xgboost,llm_gpt-5.5__with_stats,roc_auc,3,0.8143373353537708,7
churn,classification,xgboost,llm_gpt-5.5__with_stats,roc_auc,4,0.8259213479659492,7
churn,classification,logreg,llm_claude-opus-4.6__zero_shot,accuracy,0,0.8133427963094393,7
churn,classification,logreg,llm_claude-opus-4.6__zero_shot,accuracy,1,0.8062455642299503,7
churn,classification,logreg,llm_claude-opus-4.6__zero_shot,accuracy,2,0.8105039034776437,7
churn,classification,logreg,llm_claude-opus-4.6__zero_shot,accuracy,3,0.7954545454545454,7
churn,classification,logreg,llm_claude-opus-4.6__zero_shot,accuracy,4,0.8018465909090909,7
churn,classification,logreg,llm_claude-opus-4.6__zero_shot,f1,0,0.6080476900149031,7
churn,classification,logreg,llm_claude-opus-4.6__zero_shot,f1,1,0.5857359635811836,7
churn,classification,logreg,llm_claude-opus-4.6__zero_shot,f1,2,0.5948406676783005,7
churn,classification,logreg,llm_claude-opus-4.6__zero_shot,f1,3,0.5623100303951368,7
churn,classification,logreg,llm_claude-opus-4.6__zero_shot,f1,4,0.5804511278195489,7
churn,classification,logreg,llm_claude-opus-4.6__zero_shot,roc_auc,0,0.861268697202201,7
churn,classification,logreg,llm_claude-opus-4.6__zero_shot,roc_auc,1,0.8478415872277765,7
churn,classification,logreg,llm_claude-opus-4.6__zero_shot,roc_auc,2,0.8603683897801544,7
churn,classification,logreg,llm_claude-opus-4.6__zero_shot,roc_auc,3,0.8323179339731387,7
churn,classification,logreg,llm_claude-opus-4.6__zero_shot,roc_auc,4,0.8401061761085654,7
churn,classification,random_forest,llm_claude-opus-4.6__zero_shot,accuracy,0,0.8005677785663591,7
churn,classification,random_forest,llm_claude-opus-4.6__zero_shot,accuracy,1,0.7927608232789212,7
churn,classification,random_forest,llm_claude-opus-4.6__zero_shot,accuracy,2,0.8005677785663591,7
churn,classification,random_forest,llm_claude-opus-4.6__zero_shot,accuracy,3,0.7826704545454546,7
churn,classification,random_forest,llm_claude-opus-4.6__zero_shot,accuracy,4,0.7798295454545454,7
churn,classification,random_forest,llm_claude-opus-4.6__zero_shot,f1,0,0.5968436154949784,7
churn,classification,random_forest,llm_claude-opus-4.6__zero_shot,f1,1,0.5693215339233039,7
churn,classification,random_forest,llm_claude-opus-4.6__zero_shot,f1,2,0.5748865355521936,7
churn,classification,random_forest,llm_claude-opus-4.6__zero_shot,f1,3,0.5335365853658537,7
churn,classification,random_forest,llm_claude-opus-4.6__zero_shot,f1,4,0.5245398773006135,7
churn,classification,random_forest,llm_claude-opus-4.6__zero_shot,roc_auc,0,0.8378632876075329,7
churn,classification,random_forest,llm_claude-opus-4.6__zero_shot,roc_auc,1,0.8220749696453021,7
churn,classification,random_forest,llm_claude-opus-4.6__zero_shot,roc_auc,2,0.8423932418817329,7
churn,classification,random_forest,llm_claude-opus-4.6__zero_shot,roc_auc,3,0.8080079263317403,7
churn,classification,random_forest,llm_claude-opus-4.6__zero_shot,roc_auc,4,0.8223709388802118,7
churn,classification,xgboost,llm_claude-opus-4.6__zero_shot,accuracy,0,0.8034066713981547,7
churn,classification,xgboost,llm_claude-opus-4.6__zero_shot,accuracy,1,0.794180269694819,7
churn,classification,xgboost,llm_claude-opus-4.6__zero_shot,accuracy,2,0.7892122072391767,7
churn,classification,xgboost,llm_claude-opus-4.6__zero_shot,accuracy,3,0.7848011363636364,7
churn,classification,xgboost,llm_claude-opus-4.6__zero_shot,accuracy,4,0.7975852272727273,7
churn,classification,xgboost,llm_claude-opus-4.6__zero_shot,f1,0,0.587183308494784,7
churn,classification,xgboost,llm_claude-opus-4.6__zero_shot,f1,1,0.5845272206303725,7
churn,classification,xgboost,llm_claude-opus-4.6__zero_shot,f1,2,0.5664233576642336,7
churn,classification,xgboost,llm_claude-opus-4.6__zero_shot,f1,3,0.545727136431784,7
churn,classification,xgboost,llm_claude-opus-4.6__zero_shot,f1,4,0.5714285714285714,7
churn,classification,xgboost,llm_claude-opus-4.6__zero_shot,roc_auc,0,0.8446937404737916,7
churn,classification,xgboost,llm_claude-opus-4.6__zero_shot,roc_auc,1,0.8241377974114548,7
churn,classification,xgboost,llm_claude-opus-4.6__zero_shot,roc_auc,2,0.8400798263969619,7
churn,classification,xgboost,llm_claude-opus-4.6__zero_shot,roc_auc,3,0.8243553379699784,7
churn,classification,xgboost,llm_claude-opus-4.6__zero_shot,roc_auc,4,0.8357438016528925,7
churn,classification,logreg,llm_claude-opus-4.6__with_stats,accuracy,0,0.8119233498935415,7
churn,classification,logreg,llm_claude-opus-4.6__with_stats,accuracy,1,0.801277501774308,7
churn,classification,logreg,llm_claude-opus-4.6__with_stats,accuracy,2,0.8126330731014905,7
churn,classification,logreg,llm_claude-opus-4.6__with_stats,accuracy,3,0.7947443181818182,7
churn,classification,logreg,llm_claude-opus-4.6__with_stats,accuracy,4,0.8032670454545454,7
churn,classification,logreg,llm_claude-opus-4.6__with_stats,f1,0,0.6074074074074074,7
churn,classification,logreg,llm_claude-opus-4.6__with_stats,f1,1,0.5783132530120482,7
churn,classification,logreg,llm_claude-opus-4.6__with_stats,f1,2,0.6,7
churn,classification,logreg,llm_claude-opus-4.6__with_stats,f1,3,0.5601217656012176,7
churn,classification,logreg,llm_claude-opus-4.6__with_stats,f1,4,0.5822021116138764,7
churn,classification,logreg,llm_claude-opus-4.6__with_stats,roc_auc,0,0.8595610839856365,7
churn,classification,logreg,llm_claude-opus-4.6__with_stats,roc_auc,1,0.8448965356893745,7
churn,classification,logreg,llm_claude-opus-4.6__with_stats,roc_auc,2,0.8599395489421064,7
churn,classification,logreg,llm_claude-opus-4.6__with_stats,roc_auc,3,0.8311056714716815,7
churn,classification,logreg,llm_claude-opus-4.6__with_stats,roc_auc,4,0.8409776166489104,7
churn,classification,random_forest,llm_claude-opus-4.6__with_stats,accuracy,0,0.7998580553584103,7
churn,classification,random_forest,llm_claude-opus-4.6__with_stats,accuracy,1,0.8026969481902059,7
churn,classification,random_forest,llm_claude-opus-4.6__with_stats,accuracy,2,0.8048261178140526,7
churn,classification,random_forest,llm_claude-opus-4.6__with_stats,accuracy,3,0.7762784090909091,7
churn,classification,random_forest,llm_claude-opus-4.6__with_stats,accuracy,4,0.7784090909090909,7
churn,classification,random_forest,llm_claude-opus-4.6__with_stats,f1,0,0.5852941176470589,7
churn,classification,random_forest,llm_claude-opus-4.6__with_stats,f1,1,0.5887573964497042,7
churn,classification,random_forest,llm_claude-opus-4.6__with_stats,f1,2,0.5852187028657617,7
churn,classification,random_forest,llm_claude-opus-4.6__with_stats,f1,3,0.5085803432137286,7
churn,classification,random_forest,llm_claude-opus-4.6__with_stats,f1,4,0.524390243902439,7
churn,classification,random_forest,llm_claude-opus-4.6__with_stats,roc_auc,0,0.8384522979152136,7
churn,classification,random_forest,llm_claude-opus-4.6__with_stats,roc_auc,1,0.8229326513213981,7
churn,classification,random_forest,llm_claude-opus-4.6__with_stats,roc_auc,2,0.8420121935467204,7
churn,classification,random_forest,llm_claude-opus-4.6__with_stats,roc_auc,3,0.811791066039813,7
churn,classification,random_forest,llm_claude-opus-4.6__with_stats,roc_auc,4,0.8217968741919134,7
churn,classification,xgboost,llm_claude-opus-4.6__with_stats,accuracy,0,0.7984386089425124,7
churn,classification,xgboost,llm_claude-opus-4.6__with_stats,accuracy,1,0.7821149751596878,7
churn,classification,xgboost,llm_claude-opus-4.6__with_stats,accuracy,2,0.7977288857345636,7
churn,classification,xgboost,llm_claude-opus-4.6__with_stats,accuracy,3,0.7734375,7
churn,classification,xgboost,llm_claude-opus-4.6__with_stats,accuracy,4,0.7791193181818182,7
churn,classification,xgboost,llm_claude-opus-4.6__with_stats,f1,0,0.5773809523809523,7
churn,classification,xgboost,llm_claude-opus-4.6__with_stats,f1,1,0.5582733812949641,7
churn,classification,xgboost,llm_claude-opus-4.6__with_stats,f1,2,0.5802650957290133,7
churn,classification,xgboost,llm_claude-opus-4.6__with_stats,f1,3,0.5260029717682021,7
churn,classification,xgboost,llm_claude-opus-4.6__with_stats,f1,4,0.545985401459854,7
churn,classification,xgboost,llm_claude-opus-4.6__with_stats,roc_auc,0,0.842016068614534,7
churn,classification,xgboost,llm_claude-opus-4.6__with_stats,roc_auc,1,0.819715053346767,7
churn,classification,xgboost,llm_claude-opus-4.6__with_stats,roc_auc,2,0.8384690898757395,7
churn,classification,xgboost,llm_claude-opus-4.6__with_stats,roc_auc,3,0.8236753830412765,7
churn,classification,xgboost,llm_claude-opus-4.6__with_stats,roc_auc,4,0.824321983057334,7
churn,classification,logreg,llm_gemini-3.1-pro__zero_shot,accuracy,0,0.8090844570617459,7
churn,classification,logreg,llm_gemini-3.1-pro__zero_shot,accuracy,1,0.8090844570617459,7
churn,classification,logreg,llm_gemini-3.1-pro__zero_shot,accuracy,2,0.8176011355571328,7
churn,classification,logreg,llm_gemini-3.1-pro__zero_shot,accuracy,3,0.7883522727272727,7
churn,classification,logreg,llm_gemini-3.1-pro__zero_shot,accuracy,4,0.7940340909090909,7
churn,classification,logreg,llm_gemini-3.1-pro__zero_shot,f1,0,0.6129496402877698,7
churn,classification,logreg,llm_gemini-3.1-pro__zero_shot,f1,1,0.6118326118326118,7
churn,classification,logreg,llm_gemini-3.1-pro__zero_shot,f1,2,0.6259097525473072,7
churn,classification,logreg,llm_gemini-3.1-pro__zero_shot,f1,3,0.5538922155688623,7
churn,classification,logreg,llm_gemini-3.1-pro__zero_shot,f1,4,0.5747800586510264,7
churn,classification,logreg,llm_gemini-3.1-pro__zero_shot,roc_auc,0,0.8544511612286547,7
churn,classification,logreg,llm_gemini-3.1-pro__zero_shot,roc_auc,1,0.8455707974889561,7
churn,classification,logreg,llm_gemini-3.1-pro__zero_shot,roc_auc,2,0.8635562789015474,7
churn,classification,logreg,llm_gemini-3.1-pro__zero_shot,roc_auc,3,0.8244952144124542,7
churn,classification,logreg,llm_gemini-3.1-pro__zero_shot,roc_auc,4,0.8352602426586953,7
churn,classification,random_forest,llm_gemini-3.1-pro__zero_shot,accuracy,0,0.7934705464868701,7
churn,classification,random_forest,llm_gemini-3.1-pro__zero_shot,accuracy,1,0.7963094393186657,7
churn,classification,random_forest,llm_gemini-3.1-pro__zero_shot,accuracy,2,0.8019872249822569,7
churn,classification,random_forest,llm_gemini-3.1-pro__zero_shot,accuracy,3,0.78125,7
churn,classification,random_forest,llm_gemini-3.1-pro__zero_shot,accuracy,4,0.7890625,7
churn,classification,random_forest,llm_gemini-3.1-pro__zero_shot,f1,0,0.5739385065885798,7
churn,classification,random_forest,llm_gemini-3.1-pro__zero_shot,f1,1,0.5797950219619327,7
churn,classification,random_forest,llm_gemini-3.1-pro__zero_shot,f1,2,0.5842026825633383,7
churn,classification,random_forest,llm_gemini-3.1-pro__zero_shot,f1,3,0.5261538461538462,7
churn,classification,random_forest,llm_gemini-3.1-pro__zero_shot,f1,4,0.5451761102603369,7
churn,classification,random_forest,llm_gemini-3.1-pro__zero_shot,roc_auc,0,0.8370650236379137,7
churn,classification,random_forest,llm_gemini-3.1-pro__zero_shot,roc_auc,1,0.8208711152445167,7
churn,classification,random_forest,llm_gemini-3.1-pro__zero_shot,roc_auc,2,0.8383257123666331,7
churn,classification,random_forest,llm_gemini-3.1-pro__zero_shot,roc_auc,3,0.8069873463625649,7
churn,classification,random_forest,llm_gemini-3.1-pro__zero_shot,roc_auc,4,0.8228855283981009,7
churn,classification,xgboost,llm_gemini-3.1-pro__zero_shot,accuracy,0,0.8055358410220014,7
churn,classification,xgboost,llm_gemini-3.1-pro__zero_shot,accuracy,1,0.7963094393186657,7
churn,classification,xgboost,llm_gemini-3.1-pro__zero_shot,accuracy,2,0.8041163946061036,7
churn,classification,xgboost,llm_gemini-3.1-pro__zero_shot,accuracy,3,0.78125,7
churn,classification,xgboost,llm_gemini-3.1-pro__zero_shot,accuracy,4,0.7833806818181818,7
churn,classification,xgboost,llm_gemini-3.1-pro__zero_shot,f1,0,0.5946745562130178,7
churn,classification,xgboost,llm_gemini-3.1-pro__zero_shot,f1,1,0.5834542815674891,7
churn,classification,xgboost,llm_gemini-3.1-pro__zero_shot,f1,2,0.5953079178885631,7
churn,classification,xgboost,llm_gemini-3.1-pro__zero_shot,f1,3,0.5375375375375375,7
churn,classification,xgboost,llm_gemini-3.1-pro__zero_shot,f1,4,0.5534407027818448,7
churn,classification,xgboost,llm_gemini-3.1-pro__zero_shot,roc_auc,0,0.8470691570435815,7
churn,classification,xgboost,llm_gemini-3.1-pro__zero_shot,roc_auc,1,0.8239647110491101,7
churn,classification,xgboost,llm_gemini-3.1-pro__zero_shot,roc_auc,2,0.8383399209486166,7
churn,classification,xgboost,llm_gemini-3.1-pro__zero_shot,roc_auc,3,0.8190801828754971,7
churn,classification,xgboost,llm_gemini-3.1-pro__zero_shot,roc_auc,4,0.827934453190455,7
churn,classification,logreg,llm_gemini-3.1-pro__with_stats,accuracy,0,0.8126330731014905,7
churn,classification,logreg,llm_gemini-3.1-pro__with_stats,accuracy,1,0.8147622427253371,7
churn,classification,logreg,llm_gemini-3.1-pro__with_stats,accuracy,2,0.8112136266855926,7
churn,classification,logreg,llm_gemini-3.1-pro__with_stats,accuracy,3,0.7940340909090909,7
churn,classification,logreg,llm_gemini-3.1-pro__with_stats,accuracy,4,0.7982954545454546,7
churn,classification,logreg,llm_gemini-3.1-pro__with_stats,f1,0,0.6071428571428571,7
churn,classification,logreg,llm_gemini-3.1-pro__with_stats,f1,1,0.6133333333333333,7
churn,classification,logreg,llm_gemini-3.1-pro__with_stats,f1,2,0.6017964071856288,7
churn,classification,logreg,llm_gemini-3.1-pro__with_stats,f1,3,0.5658682634730539,7
churn,classification,logreg,llm_gemini-3.1-pro__with_stats,f1,4,0.5761194029850746,7
churn,classification,logreg,llm_gemini-3.1-pro__with_stats,roc_auc,0,0.8586129840605543,7
churn,classification,logreg,llm_gemini-3.1-pro__with_stats,roc_auc,1,0.8477434188431632,7
churn,classification,logreg,llm_gemini-3.1-pro__with_stats,roc_auc,2,0.8611124028003824,7
churn,classification,logreg,llm_gemini-3.1-pro__with_stats,roc_auc,3,0.8318620403828471,7
churn,classification,logreg,llm_gemini-3.1-pro__with_stats,roc_auc,4,0.8400104986605158,7
churn,classification,random_forest,llm_gemini-3.1-pro__with_stats,accuracy,0,0.8026969481902059,7
churn,classification,random_forest,llm_gemini-3.1-pro__with_stats,accuracy,1,0.7984386089425124,7
churn,classification,random_forest,llm_gemini-3.1-pro__with_stats,accuracy,2,0.8048261178140526,7
churn,classification,random_forest,llm_gemini-3.1-pro__with_stats,accuracy,3,0.7805397727272727,7
churn,classification,random_forest,llm_gemini-3.1-pro__with_stats,accuracy,4,0.7904829545454546,7
churn,classification,random_forest,llm_gemini-3.1-pro__with_stats,f1,0,0.5863095238095238,7
churn,classification,random_forest,llm_gemini-3.1-pro__with_stats,f1,1,0.5786350148367952,7
churn,classification,random_forest,llm_gemini-3.1-pro__with_stats,f1,2,0.5814307458143074,7
churn,classification,random_forest,llm_gemini-3.1-pro__with_stats,f1,3,0.5164319248826291,7
churn,classification,random_forest,llm_gemini-3.1-pro__with_stats,f1,4,0.549618320610687,7
churn,classification,random_forest,llm_gemini-3.1-pro__with_stats,roc_auc,0,0.8382805032421401,7
churn,classification,random_forest,llm_gemini-3.1-pro__with_stats,roc_auc,1,0.8282350357797928,7
churn,classification,random_forest,llm_gemini-3.1-pro__with_stats,roc_auc,2,0.8414877677026014,7
churn,classification,random_forest,llm_gemini-3.1-pro__with_stats,roc_auc,3,0.8157335094740387,7
churn,classification,random_forest,llm_gemini-3.1-pro__with_stats,roc_auc,4,0.8236561197364475,7
churn,classification,xgboost,llm_gemini-3.1-pro__with_stats,accuracy,0,0.8041163946061036,7
churn,classification,xgboost,llm_gemini-3.1-pro__with_stats,accuracy,1,0.7899219304471257,7
churn,classification,xgboost,llm_gemini-3.1-pro__with_stats,accuracy,2,0.8048261178140526,7
churn,classification,xgboost,llm_gemini-3.1-pro__with_stats,accuracy,3,0.7805397727272727,7
churn,classification,xgboost,llm_gemini-3.1-pro__with_stats,accuracy,4,0.796875,7
churn,classification,xgboost,llm_gemini-3.1-pro__with_stats,f1,0,0.5818181818181818,7
churn,classification,xgboost,llm_gemini-3.1-pro__with_stats,f1,1,0.5783475783475783,7
churn,classification,xgboost,llm_gemini-3.1-pro__with_stats,f1,2,0.5985401459854015,7
churn,classification,xgboost,llm_gemini-3.1-pro__with_stats,f1,3,0.5422222222222223,7
churn,classification,xgboost,llm_gemini-3.1-pro__with_stats,f1,4,0.573134328358209,7
churn,classification,xgboost,llm_gemini-3.1-pro__with_stats,roc_auc,0,0.8424604097238368,7
churn,classification,xgboost,llm_gemini-3.1-pro__with_stats,roc_auc,1,0.8300498592058695,7
churn,classification,xgboost,llm_gemini-3.1-pro__with_stats,roc_auc,2,0.8404414993929061,7
churn,classification,xgboost,llm_gemini-3.1-pro__with_stats,roc_auc,3,0.8207651759464325,7
churn,classification,xgboost,llm_gemini-3.1-pro__with_stats,roc_auc,4,0.8298454162744753,7
churn,classification,logreg,llm_deepseek-v4__zero_shot,accuracy,0,0.8119233498935415,7
churn,classification,logreg,llm_deepseek-v4__zero_shot,accuracy,1,0.8005677785663591,7
churn,classification,logreg,llm_deepseek-v4__zero_shot,accuracy,2,0.8161816891412349,7
churn,classification,logreg,llm_deepseek-v4__zero_shot,accuracy,3,0.7904829545454546,7
churn,classification,logreg,llm_deepseek-v4__zero_shot,accuracy,4,0.8039772727272727,7
churn,classification,logreg,llm_deepseek-v4__zero_shot,f1,0,0.6120058565153733,7
churn,classification,logreg,llm_deepseek-v4__zero_shot,f1,1,0.5909752547307132,7
churn,classification,logreg,llm_deepseek-v4__zero_shot,f1,2,0.6128550074738416,7
churn,classification,logreg,llm_deepseek-v4__zero_shot,f1,3,0.5537065052950075,7
churn,classification,logreg,llm_deepseek-v4__zero_shot,f1,4,0.5830815709969789,7
churn,classification,logreg,llm_deepseek-v4__zero_shot,roc_auc,0,0.85719987599783,7
churn,classification,logreg,llm_deepseek-v4__zero_shot,roc_auc,1,0.8433800924849518,7
churn,classification,logreg,llm_deepseek-v4__zero_shot,roc_auc,2,0.8620346689400398,7
churn,classification,logreg,llm_deepseek-v4__zero_shot,roc_auc,3,0.8264016785173097,7
churn,classification,logreg,llm_deepseek-v4__zero_shot,roc_auc,4,0.8376056330744008,7
churn,classification,random_forest,llm_deepseek-v4__zero_shot,accuracy,0,0.794889992902768,7
churn,classification,random_forest,llm_deepseek-v4__zero_shot,accuracy,1,0.7955997161107168,7
churn,classification,random_forest,llm_deepseek-v4__zero_shot,accuracy,2,0.7955997161107168,7
churn,classification,random_forest,llm_deepseek-v4__zero_shot,accuracy,3,0.7791193181818182,7
churn,classification,random_forest,llm_deepseek-v4__zero_shot,accuracy,4,0.7805397727272727,7
churn,classification,random_forest,llm_deepseek-v4__zero_shot,f1,0,0.5781021897810219,7
churn,classification,random_forest,llm_deepseek-v4__zero_shot,f1,1,0.5801749271137027,7
churn,classification,random_forest,llm_deepseek-v4__zero_shot,f1,2,0.5662650602409639,7
churn,classification,random_forest,llm_deepseek-v4__zero_shot,f1,3,0.5193199381761978,7
churn,classification,random_forest,llm_deepseek-v4__zero_shot,f1,4,0.5267993874425727,7
churn,classification,random_forest,llm_deepseek-v4__zero_shot,roc_auc,0,0.8383902968301945,7
churn,classification,random_forest,llm_deepseek-v4__zero_shot,roc_auc,1,0.8235216616290785,7
churn,classification,random_forest,llm_deepseek-v4__zero_shot,roc_auc,2,0.8419928182076519,7
churn,classification,random_forest,llm_deepseek-v4__zero_shot,roc_auc,3,0.8063255235652951,7
churn,classification,random_forest,llm_deepseek-v4__zero_shot,roc_auc,4,0.8189045707961398,7
churn,classification,xgboost,llm_deepseek-v4__zero_shot,accuracy,0,0.7955997161107168,7
churn,classification,xgboost,llm_deepseek-v4__zero_shot,accuracy,1,0.7991483321504613,7
churn,classification,xgboost,llm_deepseek-v4__zero_shot,accuracy,2,0.7970191625266146,7
churn,classification,xgboost,llm_deepseek-v4__zero_shot,accuracy,3,0.7762784090909091,7
churn,classification,xgboost,llm_deepseek-v4__zero_shot,accuracy,4,0.7876420454545454,7
churn,classification,xgboost,llm_deepseek-v4__zero_shot,f1,0,0.5789473684210527,7
churn,classification,xgboost,llm_deepseek-v4__zero_shot,f1,1,0.5856515373352855,7
churn,classification,xgboost,llm_deepseek-v4__zero_shot,f1,2,0.5769230769230769,7
churn,classification,xgboost,llm_deepseek-v4__zero_shot,f1,3,0.5333333333333333,7
churn,classification,xgboost,llm_deepseek-v4__zero_shot,f1,4,0.5517241379310345,7
churn,classification,xgboost,llm_deepseek-v4__zero_shot,roc_auc,0,0.8402787465447311,7
churn,classification,xgboost,llm_deepseek-v4__zero_shot,roc_auc,1,0.8284972487018523,7
churn,classification,xgboost,llm_deepseek-v4__zero_shot,roc_auc,2,0.84119197085949,7
churn,classification,xgboost,llm_deepseek-v4__zero_shot,roc_auc,3,0.8171788993796221,7
churn,classification,xgboost,llm_deepseek-v4__zero_shot,roc_auc,4,0.8236341397821657,7
churn,classification,logreg,llm_deepseek-v4__with_stats,accuracy,0,0.8161816891412349,7
churn,classification,logreg,llm_deepseek-v4__with_stats,accuracy,1,0.8048261178140526,7
churn,classification,logreg,llm_deepseek-v4__with_stats,accuracy,2,0.8105039034776437,7
churn,classification,logreg,llm_deepseek-v4__with_stats,accuracy,3,0.7954545454545454,7
churn,classification,logreg,llm_deepseek-v4__with_stats,accuracy,4,0.8018465909090909,7
churn,classification,logreg,llm_deepseek-v4__with_stats,f1,0,0.6185567010309279,7
churn,classification,logreg,llm_deepseek-v4__with_stats,f1,1,0.5852187028657617,7
churn,classification,logreg,llm_deepseek-v4__with_stats,f1,2,0.6020864381520119,7
churn,classification,logreg,llm_deepseek-v4__with_stats,f1,3,0.5649546827794562,7
churn,classification,logreg,llm_deepseek-v4__with_stats,f1,4,0.5842026825633383,7
churn,classification,logreg,llm_deepseek-v4__with_stats,roc_auc,0,0.8604342659329872,7
churn,classification,logreg,llm_deepseek-v4__with_stats,roc_auc,1,0.8465834818775995,7
churn,classification,logreg,llm_deepseek-v4__with_stats,roc_auc,2,0.8608127308894573,7
churn,classification,logreg,llm_deepseek-v4__with_stats,roc_auc,3,0.8306912227532347,7
churn,classification,logreg,llm_deepseek-v4__with_stats,roc_auc,4,0.8398424166571852,7
churn,classification,random_forest,llm_deepseek-v4__with_stats,accuracy,0,0.7934705464868701,7
churn,classification,random_forest,llm_deepseek-v4__with_stats,accuracy,1,0.7970191625266146,7
churn,classification,random_forest,llm_deepseek-v4__with_stats,accuracy,2,0.794180269694819,7
churn,classification,random_forest,llm_deepseek-v4__with_stats,accuracy,3,0.78125,7
churn,classification,random_forest,llm_deepseek-v4__with_stats,accuracy,4,0.7798295454545454,7
churn,classification,random_forest,llm_deepseek-v4__with_stats,f1,0,0.5663189269746647,7
churn,classification,random_forest,llm_deepseek-v4__with_stats,f1,1,0.5769230769230769,7
churn,classification,random_forest,llm_deepseek-v4__with_stats,f1,2,0.5658682634730539,7
churn,classification,random_forest,llm_deepseek-v4__with_stats,f1,3,0.5304878048780488,7
churn,classification,random_forest,llm_deepseek-v4__with_stats,f1,4,0.5274390243902439,7
churn,classification,random_forest,llm_deepseek-v4__with_stats,roc_auc,0,0.8302642796248937,7
churn,classification,random_forest,llm_deepseek-v4__with_stats,roc_auc,1,0.8186946188224962,7
churn,classification,random_forest,llm_deepseek-v4__with_stats,roc_auc,2,0.8387222609729004,7
churn,classification,random_forest,llm_deepseek-v4__with_stats,roc_auc,3,0.8064084133089845,7
churn,classification,random_forest,llm_deepseek-v4__with_stats,roc_auc,4,0.8154433744660164,7
churn,classification,xgboost,llm_deepseek-v4__with_stats,accuracy,0,0.8026969481902059,7
churn,classification,xgboost,llm_deepseek-v4__with_stats,accuracy,1,0.7920511000709723,7
churn,classification,xgboost,llm_deepseek-v4__with_stats,accuracy,2,0.7998580553584103,7
churn,classification,xgboost,llm_deepseek-v4__with_stats,accuracy,3,0.7798295454545454,7
churn,classification,xgboost,llm_deepseek-v4__with_stats,accuracy,4,0.7862215909090909,7
churn,classification,xgboost,llm_deepseek-v4__with_stats,f1,0,0.5982658959537572,7
churn,classification,xgboost,llm_deepseek-v4__with_stats,f1,1,0.5855728429985856,7
churn,classification,xgboost,llm_deepseek-v4__with_stats,f1,2,0.5852941176470589,7
churn,classification,xgboost,llm_deepseek-v4__with_stats,f1,3,0.5481049562682215,7
churn,classification,xgboost,llm_deepseek-v4__with_stats,f1,4,0.5514157973174366,7
churn,classification,xgboost,llm_deepseek-v4__with_stats,roc_auc,0,0.8483195122581311,7
churn,classification,xgboost,llm_deepseek-v4__with_stats,roc_auc,1,0.8238110000258337,7
churn,classification,xgboost,llm_deepseek-v4__with_stats,roc_auc,2,0.8437921413624738,7
churn,classification,xgboost,llm_deepseek-v4__with_stats,roc_auc,3,0.8204569297120876,7
churn,classification,xgboost,llm_deepseek-v4__with_stats,roc_auc,4,0.8262717342959692,7
housing,regression,logreg,llm_gpt-5.5__zero_shot,rmse,0,29112.571907951045,7
housing,regression,logreg,llm_gpt-5.5__zero_shot,rmse,1,33356.38614966415,7
housing,regression,logreg,llm_gpt-5.5__zero_shot,rmse,2,24394.898233279826,7
housing,regression,logreg,llm_gpt-5.5__zero_shot,rmse,3,32127.56459526183,7
housing,regression,logreg,llm_gpt-5.5__zero_shot,rmse,4,23617.524499750776,7
housing,regression,logreg,llm_gpt-5.5__zero_shot,mae,0,16243.17903158316,7
housing,regression,logreg,llm_gpt-5.5__zero_shot,mae,1,15423.178397252994,7
housing,regression,logreg,llm_gpt-5.5__zero_shot,mae,2,15759.132434671477,7
housing,regression,logreg,llm_gpt-5.5__zero_shot,mae,3,16175.009866136394,7
housing,regression,logreg,llm_gpt-5.5__zero_shot,mae,4,15324.00094648738,7
housing,regression,logreg,llm_gpt-5.5__zero_shot,r2,0,0.894289145459507,7
housing,regression,logreg,llm_gpt-5.5__zero_shot,r2,1,0.8024091508034663,7
housing,regression,logreg,llm_gpt-5.5__zero_shot,r2,2,0.9095451588184205,7
housing,regression,logreg,llm_gpt-5.5__zero_shot,r2,3,0.8251512975413376,7
housing,regression,logreg,llm_gpt-5.5__zero_shot,r2,4,0.9014080337305004,7
housing,regression,random_forest,llm_gpt-5.5__zero_shot,rmse,0,25374.439916429565,7
housing,regression,random_forest,llm_gpt-5.5__zero_shot,rmse,1,24027.773271922084,7
housing,regression,random_forest,llm_gpt-5.5__zero_shot,rmse,2,24727.024816175675,7
housing,regression,random_forest,llm_gpt-5.5__zero_shot,rmse,3,25211.514116670365,7
housing,regression,random_forest,llm_gpt-5.5__zero_shot,rmse,4,22160.497259383752,7
housing,regression,random_forest,llm_gpt-5.5__zero_shot,mae,0,15173.393950511947,7
housing,regression,random_forest,llm_gpt-5.5__zero_shot,mae,1,14780.521513083047,7
housing,regression,random_forest,llm_gpt-5.5__zero_shot,mae,2,15814.022835608645,7
housing,regression,random_forest,llm_gpt-5.5__zero_shot,mae,3,15725.054192263935,7
housing,regression,random_forest,llm_gpt-5.5__zero_shot,mae,4,14809.099579067122,7
housing,regression,random_forest,llm_gpt-5.5__zero_shot,r2,0,0.9196933767504656,7
housing,regression,random_forest,llm_gpt-5.5__zero_shot,r2,1,0.897473556481341,7
housing,regression,random_forest,llm_gpt-5.5__zero_shot,r2,2,0.9070653808815639,7
housing,regression,random_forest,llm_gpt-5.5__zero_shot,r2,3,0.8923275338646147,7
housing,regression,random_forest,llm_gpt-5.5__zero_shot,r2,4,0.9131975903244808,7
housing,regression,xgboost,llm_gpt-5.5__zero_shot,rmse,0,22046.30859375,7
housing,regression,xgboost,llm_gpt-5.5__zero_shot,rmse,1,22915.525390625,7
housing,regression,xgboost,llm_gpt-5.5__zero_shot,rmse,2,24033.583984375,7
housing,regression,xgboost,llm_gpt-5.5__zero_shot,rmse,3,22613.888671875,7
housing,regression,xgboost,llm_gpt-5.5__zero_shot,rmse,4,21501.470703125,7
housing,regression,xgboost,llm_gpt-5.5__zero_shot,mae,0,13867.6591796875,7
housing,regression,xgboost,llm_gpt-5.5__zero_shot,mae,1,13682.64453125,7
housing,regression,xgboost,llm_gpt-5.5__zero_shot,mae,2,14436.1279296875,7
housing,regression,xgboost,llm_gpt-5.5__zero_shot,mae,3,14193.916015625,7
housing,regression,xgboost,llm_gpt-5.5__zero_shot,mae,4,14037.7353515625,7
housing,regression,xgboost,llm_gpt-5.5__zero_shot,r2,0,0.939378023147583,7
housing,regression,xgboost,llm_gpt-5.5__zero_shot,r2,1,0.9067457914352417,7
housing,regression,xgboost,llm_gpt-5.5__zero_shot,r2,2,0.9122048020362854,7
housing,regression,xgboost,llm_gpt-5.5__zero_shot,r2,3,0.9133722186088562,7
housing,regression,xgboost,llm_gpt-5.5__zero_shot,r2,4,0.9182836413383484,7
housing,regression,logreg,llm_gpt-5.5__with_stats,rmse,0,28591.807543508286,7
housing,regression,logreg,llm_gpt-5.5__with_stats,rmse,1,32067.37135526631,7
housing,regression,logreg,llm_gpt-5.5__with_stats,rmse,2,24440.724471554055,7
housing,regression,logreg,llm_gpt-5.5__with_stats,rmse,3,29978.74618542751,7
housing,regression,logreg,llm_gpt-5.5__with_stats,rmse,4,23685.026705766366,7
housing,regression,logreg,llm_gpt-5.5__with_stats,mae,0,16211.09062422676,7
housing,regression,logreg,llm_gpt-5.5__with_stats,mae,1,15515.703784044254,7
housing,regression,logreg,llm_gpt-5.5__with_stats,mae,2,15564.524996075392,7
housing,regression,logreg,llm_gpt-5.5__with_stats,mae,3,16269.547128845734,7
housing,regression,logreg,llm_gpt-5.5__with_stats,mae,4,15325.606674812432,7
housing,regression,logreg,llm_gpt-5.5__with_stats,r2,0,0.8980372221469888,7
housing,regression,logreg,llm_gpt-5.5__with_stats,r2,1,0.8173853713661483,7
housing,regression,logreg,llm_gpt-5.5__with_stats,r2,2,0.9092049976515149,7
housing,regression,logreg,llm_gpt-5.5__with_stats,r2,3,0.8477582619825551,7
housing,regression,logreg,llm_gpt-5.5__with_stats,r2,4,0.9008436489295468,7
housing,regression,random_forest,llm_gpt-5.5__with_stats,rmse,0,26142.04539754526,7
housing,regression,random_forest,llm_gpt-5.5__with_stats,rmse,1,23727.101712722306,7
housing,regression,random_forest,llm_gpt-5.5__with_stats,rmse,2,25308.294415409033,7
housing,regression,random_forest,llm_gpt-5.5__with_stats,rmse,3,27128.8379798824,7
housing,regression,random_forest,llm_gpt-5.5__with_stats,rmse,4,23256.7423896579,7
housing,regression,random_forest,llm_gpt-5.5__with_stats,mae,0,15915.136561433448,7
housing,regression,random_forest,llm_gpt-5.5__with_stats,mae,1,14730.259533967172,7
housing,regression,random_forest,llm_gpt-5.5__with_stats,mae,2,16051.063998862344,7
housing,regression,random_forest,llm_gpt-5.5__with_stats,mae,3,15725.187107508531,7
housing,regression,random_forest,llm_gpt-5.5__with_stats,mae,4,15366.06306029579,7
housing,regression,random_forest,llm_gpt-5.5__with_stats,r2,0,0.914761153477764,7
housing,regression,random_forest,llm_gpt-5.5__with_stats,r2,1,0.9000234315598593,7
housing,regression,random_forest,llm_gpt-5.5__with_stats,r2,2,0.9026447110616519,7
housing,regression,random_forest,llm_gpt-5.5__with_stats,r2,3,0.875327925341678,7
housing,regression,random_forest,llm_gpt-5.5__with_stats,r2,4,0.9043972150649122,7
housing,regression,xgboost,llm_gpt-5.5__with_stats,rmse,0,23022.58984375,7
housing,regression,xgboost,llm_gpt-5.5__with_stats,rmse,1,25250.619140625,7
housing,regression,xgboost,llm_gpt-5.5__with_stats,rmse,2,23974.78515625,7
housing,regression,xgboost,llm_gpt-5.5__with_stats,rmse,3,24598.642578125,7
housing,regression,xgboost,llm_gpt-5.5__with_stats,rmse,4,21635.962890625,7
housing,regression,xgboost,llm_gpt-5.5__with_stats,mae,0,14182.298828125,7
housing,regression,xgboost,llm_gpt-5.5__with_stats,mae,1,13782.2265625,7
housing,regression,xgboost,llm_gpt-5.5__with_stats,mae,2,14379.86328125,7
housing,regression,xgboost,llm_gpt-5.5__with_stats,mae,3,14881.2529296875,7
housing,regression,xgboost,llm_gpt-5.5__with_stats,mae,4,14086.73046875,7
housing,regression,xgboost,llm_gpt-5.5__with_stats,r2,0,0.9338900446891785,7
housing,regression,xgboost,llm_gpt-5.5__with_stats,r2,1,0.8867722153663635,7
housing,regression,xgboost,llm_gpt-5.5__with_stats,r2,2,0.9126338362693787,7
housing,regression,xgboost,llm_gpt-5.5__with_stats,r2,3,0.8974987864494324,7
housing,regression,xgboost,llm_gpt-5.5__with_stats,r2,4,0.9172581434249878,7
housing,regression,logreg,llm_claude-opus-4.6__zero_shot,rmse,0,29109.983941198887,7
housing,regression,logreg,llm_claude-opus-4.6__zero_shot,rmse,1,33360.53668061177,7
housing,regression,logreg,llm_claude-opus-4.6__zero_shot,rmse,2,24389.519411999667,7
housing,regression,logreg,llm_claude-opus-4.6__zero_shot,rmse,3,32172.8029126688,7
housing,regression,logreg,llm_claude-opus-4.6__zero_shot,rmse,4,23631.931606516184,7
housing,regression,logreg,llm_claude-opus-4.6__zero_shot,mae,0,16253.839067563094,7
housing,regression,logreg,llm_claude-opus-4.6__zero_shot,mae,1,15422.956611522342,7
housing,regression,logreg,llm_claude-opus-4.6__zero_shot,mae,2,15746.154787978603,7
housing,regression,logreg,llm_claude-opus-4.6__zero_shot,mae,3,16227.925351555727,7
housing,regression,logreg,llm_claude-opus-4.6__zero_shot,mae,4,15336.649044278618,7
housing,regression,logreg,llm_claude-opus-4.6__zero_shot,r2,0,0.8943079389909037,7
housing,regression,logreg,llm_claude-opus-4.6__zero_shot,r2,1,0.80235997533501,7
housing,regression,logreg,llm_claude-opus-4.6__zero_shot,r2,2,0.909585043123855,7
housing,regression,logreg,llm_claude-opus-4.6__zero_shot,r2,3,0.824658547463632,7
housing,regression,logreg,llm_claude-opus-4.6__zero_shot,r2,4,0.9012877113634017,7
housing,regression,random_forest,llm_claude-opus-4.6__zero_shot,rmse,0,24921.40171181657,7
housing,regression,random_forest,llm_claude-opus-4.6__zero_shot,rmse,1,24897.00117032995,7
housing,regression,random_forest,llm_claude-opus-4.6__zero_shot,rmse,2,24676.09895586786,7
housing,regression,random_forest,llm_claude-opus-4.6__zero_shot,rmse,3,25162.52312354987,7
housing,regression,random_forest,llm_claude-opus-4.6__zero_shot,rmse,4,22304.999791445385,7
housing,regression,random_forest,llm_claude-opus-4.6__zero_shot,mae,0,15001.151186006828,7
housing,regression,random_forest,llm_claude-opus-4.6__zero_shot,mae,1,15030.266980334796,7
housing,regression,random_forest,llm_claude-opus-4.6__zero_shot,mae,2,15873.172201365189,7
housing,regression,random_forest,llm_claude-opus-4.6__zero_shot,mae,3,15736.627460182024,7
housing,regression,random_forest,llm_claude-opus-4.6__zero_shot,mae,4,14859.80430602958,7
housing,regression,random_forest,llm_claude-opus-4.6__zero_shot,r2,0,0.9225353850536426,7
housing,regression,random_forest,llm_claude-opus-4.6__zero_shot,r2,1,0.8899213938952766,7
housing,regression,random_forest,llm_claude-opus-4.6__zero_shot,r2,2,0.9074477885377813,7
housing,regression,random_forest,llm_claude-opus-4.6__zero_shot,r2,3,0.8927455853829759,7
housing,regression,random_forest,llm_claude-opus-4.6__zero_shot,r2,4,0.9120618700271358,7
housing,regression,xgboost,llm_claude-opus-4.6__zero_shot,rmse,0,21955.458984375,7
housing,regression,xgboost,llm_claude-opus-4.6__zero_shot,rmse,1,22888.86328125,7
housing,regression,xgboost,llm_claude-opus-4.6__zero_shot,rmse,2,24299.17578125,7
housing,regression,xgboost,llm_claude-opus-4.6__zero_shot,rmse,3,22092.1328125,7
housing,regression,xgboost,llm_claude-opus-4.6__zero_shot,rmse,4,20554.15234375,7
housing,regression,xgboost,llm_claude-opus-4.6__zero_shot,mae,0,13615.2529296875,7
housing,regression,xgboost,llm_claude-opus-4.6__zero_shot,mae,1,13810.591796875,7
housing,regression,xgboost,llm_claude-opus-4.6__zero_shot,mae,2,14427.689453125,7
housing,regression,xgboost,llm_claude-opus-4.6__zero_shot,mae,3,13909.263671875,7
housing,regression,xgboost,llm_claude-opus-4.6__zero_shot,mae,4,13402.966796875,7
housing,regression,xgboost,llm_claude-opus-4.6__zero_shot,r2,0,0.9398766160011292,7
housing,regression,xgboost,llm_claude-opus-4.6__zero_shot,r2,1,0.9069626331329346,7
housing,regression,xgboost,llm_claude-opus-4.6__zero_shot,r2,2,0.910253643989563,7
housing,regression,xgboost,llm_claude-opus-4.6__zero_shot,r2,3,0.9173234701156616,7
housing,regression,xgboost,llm_claude-opus-4.6__zero_shot,r2,4,0.9253255724906921,7
housing,regression,logreg,llm_claude-opus-4.6__with_stats,rmse,0,29088.190358209507,7
housing,regression,logreg,llm_claude-opus-4.6__with_stats,rmse,1,33485.359262959646,7
housing,regression,logreg,llm_claude-opus-4.6__with_stats,rmse,2,24332.087862685516,7
housing,regression,logreg,llm_claude-opus-4.6__with_stats,rmse,3,32046.243288021167,7
housing,regression,logreg,llm_claude-opus-4.6__with_stats,rmse,4,24083.488296632444,7
housing,regression,logreg,llm_claude-opus-4.6__with_stats,mae,0,16116.815208169342,7
housing,regression,logreg,llm_claude-opus-4.6__with_stats,mae,1,15473.819852052993,7
housing,regression,logreg,llm_claude-opus-4.6__with_stats,mae,2,15610.592753610093,7
housing,regression,logreg,llm_claude-opus-4.6__with_stats,mae,3,16302.220023259368,7
housing,regression,logreg,llm_claude-opus-4.6__with_stats,mae,4,15393.063392789487,7
housing,regression,logreg,llm_claude-opus-4.6__with_stats,r2,0,0.8944661353312754,7
housing,regression,logreg,llm_claude-opus-4.6__with_stats,r2,1,0.8008782191326883,7
housing,regression,logreg,llm_claude-opus-4.6__with_stats,r2,2,0.9100103534557976,7
housing,regression,logreg,llm_claude-opus-4.6__with_stats,r2,3,0.8260353315325314,7
housing,regression,logreg,llm_claude-opus-4.6__with_stats,r2,4,0.8974793003708527,7
housing,regression,random_forest,llm_claude-opus-4.6__with_stats,rmse,0,24812.180682006376,7
housing,regression,random_forest,llm_claude-opus-4.6__with_stats,rmse,1,24942.951304939423,7
housing,regression,random_forest,llm_claude-opus-4.6__with_stats,rmse,2,24696.3597114405,7
housing,regression,random_forest,llm_claude-opus-4.6__with_stats,rmse,3,25106.221946911755,7
housing,regression,random_forest,llm_claude-opus-4.6__with_stats,rmse,4,22412.858268294745,7
housing,regression,random_forest,llm_claude-opus-4.6__with_stats,mae,0,14980.407619453925,7
housing,regression,random_forest,llm_claude-opus-4.6__with_stats,mae,1,15027.010529010238,7
housing,regression,random_forest,llm_claude-opus-4.6__with_stats,mae,2,15835.852207053471,7
housing,regression,random_forest,llm_claude-opus-4.6__with_stats,mae,3,15740.751763367463,7
housing,regression,random_forest,llm_claude-opus-4.6__with_stats,mae,4,14923.884493742888,7
housing,regression,random_forest,llm_claude-opus-4.6__with_stats,r2,0,0.9232128930812857,7
housing,regression,random_forest,llm_claude-opus-4.6__with_stats,r2,1,0.8895146947594114,7
housing,regression,random_forest,llm_claude-opus-4.6__with_stats,r2,2,0.9072957428224737,7
housing,regression,random_forest,llm_claude-opus-4.6__with_stats,r2,3,0.8932250121941658,7
housing,regression,random_forest,llm_claude-opus-4.6__with_stats,r2,4,0.91120934319823,7
housing,regression,xgboost,llm_claude-opus-4.6__with_stats,rmse,0,21269.9609375,7
housing,regression,xgboost,llm_claude-opus-4.6__with_stats,rmse,1,23417.283203125,7
housing,regression,xgboost,llm_claude-opus-4.6__with_stats,rmse,2,24822.302734375,7
housing,regression,xgboost,llm_claude-opus-4.6__with_stats,rmse,3,22477.16796875,7
housing,regression,xgboost,llm_claude-opus-4.6__with_stats,rmse,4,20269.251953125,7
housing,regression,xgboost,llm_claude-opus-4.6__with_stats,mae,0,13225.427734375,7
housing,regression,xgboost,llm_claude-opus-4.6__with_stats,mae,1,13599.205078125,7
housing,regression,xgboost,llm_claude-opus-4.6__with_stats,mae,2,14612.4296875,7
housing,regression,xgboost,llm_claude-opus-4.6__with_stats,mae,3,13996.7294921875,7
housing,regression,xgboost,llm_claude-opus-4.6__with_stats,mae,4,13060.7275390625,7
housing,regression,xgboost,llm_claude-opus-4.6__with_stats,r2,0,0.9435723423957825,7
housing,regression,xgboost,llm_claude-opus-4.6__with_stats,r2,1,0.9026172757148743,7
housing,regression,xgboost,llm_claude-opus-4.6__with_stats,r2,2,0.9063478112220764,7
housing,regression,xgboost,llm_claude-opus-4.6__with_stats,r2,3,0.914416491985321,7
housing,regression,xgboost,llm_claude-opus-4.6__with_stats,r2,4,0.9273813366889954,7
housing,regression,logreg,llm_gemini-3.1-pro__zero_shot,rmse,0,29026.7426905866,7
housing,regression,logreg,llm_gemini-3.1-pro__zero_shot,rmse,1,33285.13777326143,7
housing,regression,logreg,llm_gemini-3.1-pro__zero_shot,rmse,2,24643.933307615218,7
housing,regression,logreg,llm_gemini-3.1-pro__zero_shot,rmse,3,30590.15370339316,7
housing,regression,logreg,llm_gemini-3.1-pro__zero_shot,rmse,4,23612.065426422327,7
housing,regression,logreg,llm_gemini-3.1-pro__zero_shot,mae,0,16484.914104574706,7
housing,regression,logreg,llm_gemini-3.1-pro__zero_shot,mae,1,15871.170055179091,7
housing,regression,logreg,llm_gemini-3.1-pro__zero_shot,mae,2,15997.620770212998,7
housing,regression,logreg,llm_gemini-3.1-pro__zero_shot,mae,3,16599.074496657795,7
housing,regression,logreg,llm_gemini-3.1-pro__zero_shot,mae,4,15504.149686860155,7
housing,regression,logreg,llm_gemini-3.1-pro__zero_shot,r2,0,0.8949115367333853,7
housing,regression,logreg,llm_gemini-3.1-pro__zero_shot,r2,1,0.8032523471847263,7
housing,regression,logreg,llm_gemini-3.1-pro__zero_shot,r2,2,0.9076889175429725,7
housing,regression,logreg,llm_gemini-3.1-pro__zero_shot,r2,3,0.8414850890034071,7
housing,regression,logreg,llm_gemini-3.1-pro__zero_shot,r2,4,0.9014536065482561,7
housing,regression,random_forest,llm_gemini-3.1-pro__zero_shot,rmse,0,25081.0645617371,7
housing,regression,random_forest,llm_gemini-3.1-pro__zero_shot,rmse,1,24178.113949475144,7
housing,regression,random_forest,llm_gemini-3.1-pro__zero_shot,rmse,2,25198.856291358603,7
housing,regression,random_forest,llm_gemini-3.1-pro__zero_shot,rmse,3,25161.496129514748,7
housing,regression,random_forest,llm_gemini-3.1-pro__zero_shot,rmse,4,22777.11938476505,7
housing,regression,random_forest,llm_gemini-3.1-pro__zero_shot,mae,0,15308.992721843002,7
housing,regression,random_forest,llm_gemini-3.1-pro__zero_shot,mae,1,14559.089954493746,7
housing,regression,random_forest,llm_gemini-3.1-pro__zero_shot,mae,2,15726.830915813427,7
housing,regression,random_forest,llm_gemini-3.1-pro__zero_shot,mae,3,15554.01707906712,7
housing,regression,random_forest,llm_gemini-3.1-pro__zero_shot,mae,4,14980.19957622298,7
housing,regression,random_forest,llm_gemini-3.1-pro__zero_shot,r2,0,0.9215396272063444,7
housing,regression,random_forest,llm_gemini-3.1-pro__zero_shot,r2,1,0.8961865360963545,7
housing,regression,random_forest,llm_gemini-3.1-pro__zero_shot,r2,2,0.9034848581042344,7
housing,regression,random_forest,llm_gemini-3.1-pro__zero_shot,r2,3,0.8927543402598747,7
housing,regression,random_forest,llm_gemini-3.1-pro__zero_shot,r2,4,0.9082997805022596,7
housing,regression,xgboost,llm_gemini-3.1-pro__zero_shot,rmse,0,22664.044921875,7
housing,regression,xgboost,llm_gemini-3.1-pro__zero_shot,rmse,1,21845.64453125,7
housing,regression,xgboost,llm_gemini-3.1-pro__zero_shot,rmse,2,25320.533203125,7
housing,regression,xgboost,llm_gemini-3.1-pro__zero_shot,rmse,3,23212.525390625,7
housing,regression,xgboost,llm_gemini-3.1-pro__zero_shot,rmse,4,20363.421875,7
housing,regression,xgboost,llm_gemini-3.1-pro__zero_shot,mae,0,14169.8681640625,7
housing,regression,xgboost,llm_gemini-3.1-pro__zero_shot,mae,1,13542.384765625,7
housing,regression,xgboost,llm_gemini-3.1-pro__zero_shot,mae,2,14671.826171875,7
housing,regression,xgboost,llm_gemini-3.1-pro__zero_shot,mae,3,14221.15234375,7
housing,regression,xgboost,llm_gemini-3.1-pro__zero_shot,mae,4,13179.95703125,7
housing,regression,xgboost,llm_gemini-3.1-pro__zero_shot,r2,0,0.9359331727027893,7
housing,regression,xgboost,llm_gemini-3.1-pro__zero_shot,r2,1,0.9152502417564392,7
housing,regression,xgboost,llm_gemini-3.1-pro__zero_shot,r2,2,0.9025505185127258,7
housing,regression,xgboost,llm_gemini-3.1-pro__zero_shot,r2,3,0.9087250828742981,7
housing,regression,xgboost,llm_gemini-3.1-pro__zero_shot,r2,4,0.926705002784729,7
housing,regression,logreg,llm_gemini-3.1-pro__with_stats,rmse,0,28964.146677799457,7
housing,regression,logreg,llm_gemini-3.1-pro__with_stats,rmse,1,33137.02490631601,7
housing,regression,logreg,llm_gemini-3.1-pro__with_stats,rmse,2,24891.797978662697,7
housing,regression,logreg,llm_gemini-3.1-pro__with_stats,rmse,3,30552.254122381455,7
housing,regression,logreg,llm_gemini-3.1-pro__with_stats,rmse,4,23626.824251719117,7
housing,regression,logreg,llm_gemini-3.1-pro__with_stats,mae,0,16494.256905106486,7
housing,regression,logreg,llm_gemini-3.1-pro__with_stats,mae,1,15941.183034309433,7
housing,regression,logreg,llm_gemini-3.1-pro__with_stats,mae,2,16209.146579262308,7
housing,regression,logreg,llm_gemini-3.1-pro__with_stats,mae,3,16545.01205220599,7
housing,regression,logreg,llm_gemini-3.1-pro__with_stats,mae,4,15581.033517062664,7
housing,regression,logreg,llm_gemini-3.1-pro__with_stats,r2,0,0.8953642934220541,7
housing,regression,logreg,llm_gemini-3.1-pro__with_stats,r2,1,0.8049994346286781,7
housing,regression,logreg,llm_gemini-3.1-pro__with_stats,r2,2,0.9058226796532614,7
housing,regression,logreg,llm_gemini-3.1-pro__with_stats,r2,3,0.8418776288506886,7
housing,regression,logreg,llm_gemini-3.1-pro__with_stats,r2,4,0.9013303743339682,7
housing,regression,random_forest,llm_gemini-3.1-pro__with_stats,rmse,0,25408.386485155308,7
housing,regression,random_forest,llm_gemini-3.1-pro__with_stats,rmse,1,24383.00532634012,7
housing,regression,random_forest,llm_gemini-3.1-pro__with_stats,rmse,2,25158.070598708164,7
housing,regression,random_forest,llm_gemini-3.1-pro__with_stats,rmse,3,25367.788309899406,7
housing,regression,random_forest,llm_gemini-3.1-pro__with_stats,rmse,4,22868.613656771464,7
housing,regression,random_forest,llm_gemini-3.1-pro__with_stats,mae,0,15365.283540955634,7
housing,regression,random_forest,llm_gemini-3.1-pro__with_stats,mae,1,14660.62465301479,7
housing,regression,random_forest,llm_gemini-3.1-pro__with_stats,mae,2,15808.907588168371,7
housing,regression,random_forest,llm_gemini-3.1-pro__with_stats,mae,3,15678.558539736714,7
housing,regression,random_forest,llm_gemini-3.1-pro__with_stats,mae,4,15084.426382252559,7
housing,regression,random_forest,llm_gemini-3.1-pro__with_stats,r2,0,0.9194783605483318,7
housing,regression,random_forest,llm_gemini-3.1-pro__with_stats,r2,1,0.8944195985017764,7
housing,regression,random_forest,llm_gemini-3.1-pro__with_stats,r2,2,0.9037970350698449,7
housing,regression,random_forest,llm_gemini-3.1-pro__with_stats,r2,3,0.8909885760206422,7
housing,regression,random_forest,llm_gemini-3.1-pro__with_stats,r2,4,0.9075615926894905,7
housing,regression,xgboost,llm_gemini-3.1-pro__with_stats,rmse,0,24165.044921875,7
housing,regression,xgboost,llm_gemini-3.1-pro__with_stats,rmse,1,21900.982421875,7
housing,regression,xgboost,llm_gemini-3.1-pro__with_stats,rmse,2,24513.427734375,7
housing,regression,xgboost,llm_gemini-3.1-pro__with_stats,rmse,3,23041.1015625,7
housing,regression,xgboost,llm_gemini-3.1-pro__with_stats,rmse,4,20314.51171875,7
housing,regression,xgboost,llm_gemini-3.1-pro__with_stats,mae,0,14493.0205078125,7
housing,regression,xgboost,llm_gemini-3.1-pro__with_stats,mae,1,13713.8681640625,7
housing,regression,xgboost,llm_gemini-3.1-pro__with_stats,mae,2,14146.2353515625,7
housing,regression,xgboost,llm_gemini-3.1-pro__with_stats,mae,3,14058.20703125,7
housing,regression,xgboost,llm_gemini-3.1-pro__with_stats,mae,4,13095.17578125,7
housing,regression,xgboost,llm_gemini-3.1-pro__with_stats,r2,0,0.9271661043167114,7
housing,regression,xgboost,llm_gemini-3.1-pro__with_stats,r2,1,0.9148203134536743,7
housing,regression,xgboost,llm_gemini-3.1-pro__with_stats,r2,2,0.9086640477180481,7
housing,regression,xgboost,llm_gemini-3.1-pro__with_stats,r2,3,0.9100682139396667,7
housing,regression,xgboost,llm_gemini-3.1-pro__with_stats,r2,4,0.9270566701889038,7
housing,regression,logreg,llm_deepseek-v4__zero_shot,rmse,0,28841.34311299995,7
housing,regression,logreg,llm_deepseek-v4__zero_shot,rmse,1,32690.69213781542,7
housing,regression,logreg,llm_deepseek-v4__zero_shot,rmse,2,25167.239286293912,7
housing,regression,logreg,llm_deepseek-v4__zero_shot,rmse,3,30441.14878055835,7
housing,regression,logreg,llm_deepseek-v4__zero_shot,rmse,4,23885.077623106088,7
housing,regression,logreg,llm_deepseek-v4__zero_shot,mae,0,16379.602024151569,7
housing,regression,logreg,llm_deepseek-v4__zero_shot,mae,1,15781.128906475704,7
housing,regression,logreg,llm_deepseek-v4__zero_shot,mae,2,15938.686521365536,7
housing,regression,logreg,llm_deepseek-v4__zero_shot,mae,3,16456.65150885984,7
housing,regression,logreg,llm_deepseek-v4__zero_shot,mae,4,15697.43798354359,7
housing,regression,logreg,llm_deepseek-v4__zero_shot,r2,0,0.8962496913357886,7
housing,regression,logreg,llm_deepseek-v4__zero_shot,r2,1,0.8102171022323066,7
housing,regression,logreg,llm_deepseek-v4__zero_shot,r2,2,0.9037269012607944,7
housing,regression,logreg,llm_deepseek-v4__zero_shot,r2,3,0.8430255831704295,7
housing,regression,logreg,llm_deepseek-v4__zero_shot,r2,4,0.8991615658969494,7
housing,regression,random_forest,llm_deepseek-v4__zero_shot,rmse,0,27050.00258301141,7
housing,regression,random_forest,llm_deepseek-v4__zero_shot,rmse,1,23991.596561245242,7
housing,regression,random_forest,llm_deepseek-v4__zero_shot,rmse,2,25040.891763104788,7
housing,regression,random_forest,llm_deepseek-v4__zero_shot,rmse,3,26118.081602988903,7
housing,regression,random_forest,llm_deepseek-v4__zero_shot,rmse,4,23526.60080630562,7
housing,regression,random_forest,llm_deepseek-v4__zero_shot,mae,0,16065.548361774743,7
housing,regression,random_forest,llm_deepseek-v4__zero_shot,mae,1,14645.12725337234,7
housing,regression,random_forest,llm_deepseek-v4__zero_shot,mae,2,16080.723444254834,7
housing,regression,random_forest,llm_deepseek-v4__zero_shot,mae,3,15608.80947789696,7
housing,regression,random_forest,llm_deepseek-v4__zero_shot,mae,4,15334.058071672356,7
housing,regression,random_forest,llm_deepseek-v4__zero_shot,r2,0,0.9087373538585033,7
housing,regression,random_forest,llm_deepseek-v4__zero_shot,r2,1,0.8977820559179075,7
housing,regression,random_forest,llm_deepseek-v4__zero_shot,r2,2,0.9046911178123892,7
housing,regression,random_forest,llm_deepseek-v4__zero_shot,r2,3,0.8844448377251513,7
housing,regression,random_forest,llm_deepseek-v4__zero_shot,r2,4,0.9021656990877164,7
housing,regression,xgboost,llm_deepseek-v4__zero_shot,rmse,0,23209.3515625,7
housing,regression,xgboost,llm_deepseek-v4__zero_shot,rmse,1,22018.95703125,7
housing,regression,xgboost,llm_deepseek-v4__zero_shot,rmse,2,23038.078125,7
housing,regression,xgboost,llm_deepseek-v4__zero_shot,rmse,3,23828.94140625,7
housing,regression,xgboost,llm_deepseek-v4__zero_shot,rmse,4,21995.25390625,7
housing,regression,xgboost,llm_deepseek-v4__zero_shot,mae,0,14159.091796875,7
housing,regression,xgboost,llm_deepseek-v4__zero_shot,mae,1,13613.9404296875,7
housing,regression,xgboost,llm_deepseek-v4__zero_shot,mae,2,14030.318359375,7
housing,regression,xgboost,llm_deepseek-v4__zero_shot,mae,3,14483.4091796875,7
housing,regression,xgboost,llm_deepseek-v4__zero_shot,mae,4,13632.962890625,7
housing,regression,xgboost,llm_deepseek-v4__zero_shot,r2,0,0.9328131079673767,7
housing,regression,xgboost,llm_deepseek-v4__zero_shot,r2,1,0.9139001965522766,7
housing,regression,xgboost,llm_deepseek-v4__zero_shot,r2,2,0.9193273782730103,7
housing,regression,xgboost,llm_deepseek-v4__zero_shot,r2,3,0.9038130044937134,7
housing,regression,xgboost,llm_deepseek-v4__zero_shot,r2,4,0.9144872426986694,7
housing,regression,logreg,llm_deepseek-v4__with_stats,rmse,0,28945.765004014764,7
housing,regression,logreg,llm_deepseek-v4__with_stats,rmse,1,33220.31612404836,7
housing,regression,logreg,llm_deepseek-v4__with_stats,rmse,2,24673.106503078536,7
housing,regression,logreg,llm_deepseek-v4__with_stats,rmse,3,30501.013354919323,7
housing,regression,logreg,llm_deepseek-v4__with_stats,rmse,4,23611.578091239244,7
housing,regression,logreg,llm_deepseek-v4__with_stats,mae,0,16483.660764453805,7
housing,regression,logreg,llm_deepseek-v4__with_stats,mae,1,15792.608306168153,7
housing,regression,logreg,llm_deepseek-v4__with_stats,mae,2,15970.672794395423,7
housing,regression,logreg,llm_deepseek-v4__with_stats,mae,3,16487.906141778894,7
housing,regression,logreg,llm_deepseek-v4__with_stats,mae,4,15539.213790821523,7
housing,regression,logreg,llm_deepseek-v4__with_stats,r2,0,0.8954970623327746,7
housing,regression,logreg,llm_deepseek-v4__with_stats,r2,1,0.8040179194299062,7
housing,regression,logreg,llm_deepseek-v4__with_stats,r2,2,0.9074702346570473,7
housing,regression,logreg,llm_deepseek-v4__with_stats,r2,3,0.8424075745113251,7
housing,regression,logreg,llm_deepseek-v4__with_stats,r2,4,0.9014576743524254,7
housing,regression,random_forest,llm_deepseek-v4__with_stats,rmse,0,25389.849176454336,7
housing,regression,random_forest,llm_deepseek-v4__with_stats,rmse,1,24590.84607467308,7
housing,regression,random_forest,llm_deepseek-v4__with_stats,rmse,2,25080.963130026095,7
housing,regression,random_forest,llm_deepseek-v4__with_stats,rmse,3,25057.32738958274,7
housing,regression,random_forest,llm_deepseek-v4__with_stats,rmse,4,22832.757754319024,7
housing,regression,random_forest,llm_deepseek-v4__with_stats,mae,0,15414.93079351536,7
housing,regression,random_forest,llm_deepseek-v4__with_stats,mae,1,14627.935583048917,7
housing,regression,random_forest,llm_deepseek-v4__with_stats,mae,2,15755.94502844141,7
housing,regression,random_forest,llm_deepseek-v4__with_stats,mae,3,15518.536191695106,7
housing,regression,random_forest,llm_deepseek-v4__with_stats,mae,4,15042.330728100114,7
housing,regression,random_forest,llm_deepseek-v4__with_stats,r2,0,0.9195958107443317,7
housing,regression,random_forest,llm_deepseek-v4__with_stats,r2,1,0.892611992399935,7
housing,regression,random_forest,llm_deepseek-v4__with_stats,r2,2,0.9043858401087121,7
housing,regression,random_forest,llm_deepseek-v4__with_stats,r2,3,0.893640497413875,7
housing,regression,random_forest,llm_deepseek-v4__with_stats,r2,4,0.9078512354441834,7
housing,regression,xgboost,llm_deepseek-v4__with_stats,rmse,0,22961.203125,7
housing,regression,xgboost,llm_deepseek-v4__with_stats,rmse,1,22133.787109375,7
housing,regression,xgboost,llm_deepseek-v4__with_stats,rmse,2,24612.91015625,7
housing,regression,xgboost,llm_deepseek-v4__with_stats,rmse,3,22648.9765625,7
housing,regression,xgboost,llm_deepseek-v4__with_stats,rmse,4,20573.416015625,7
housing,regression,xgboost,llm_deepseek-v4__with_stats,mae,0,14130.703125,7
housing,regression,xgboost,llm_deepseek-v4__with_stats,mae,1,13601.611328125,7
housing,regression,xgboost,llm_deepseek-v4__with_stats,mae,2,14496.119140625,7
housing,regression,xgboost,llm_deepseek-v4__with_stats,mae,3,14223.0068359375,7
housing,regression,xgboost,llm_deepseek-v4__with_stats,mae,4,13388.2685546875,7
housing,regression,xgboost,llm_deepseek-v4__with_stats,r2,0,0.9342421293258667,7
housing,regression,xgboost,llm_deepseek-v4__with_stats,r2,1,0.9129998087882996,7
housing,regression,xgboost,llm_deepseek-v4__with_stats,r2,2,0.9079211950302124,7
housing,regression,xgboost,llm_deepseek-v4__with_stats,r2,3,0.9131031632423401,7
housing,regression,xgboost,llm_deepseek-v4__with_stats,r2,4,0.9251855611801147,7
bank,classification,logreg,llm_gpt-5.5__zero_shot,accuracy,0,0.8962126729788784,7
bank,classification,logreg,llm_gpt-5.5__zero_shot,accuracy,1,0.9007040543821316,7
bank,classification,logreg,llm_gpt-5.5__zero_shot,accuracy,2,0.9042243262927895,7
bank,classification,logreg,llm_gpt-5.5__zero_shot,accuracy,3,0.8988709481607381,7
bank,classification,logreg,llm_gpt-5.5__zero_shot,accuracy,4,0.8989923515843147,7
bank,classification,logreg,llm_gpt-5.5__zero_shot,f1,0,0.2916321458160729,7
bank,classification,logreg,llm_gpt-5.5__zero_shot,f1,1,0.34455128205128205,7
bank,classification,logreg,llm_gpt-5.5__zero_shot,f1,2,0.38884585592563903,7
bank,classification,logreg,llm_gpt-5.5__zero_shot,f1,3,0.33306645316253003,7
bank,classification,logreg,llm_gpt-5.5__zero_shot,f1,4,0.32794830371567046,7
bank,classification,logreg,llm_gpt-5.5__zero_shot,roc_auc,0,0.7889680822208596,7
bank,classification,logreg,llm_gpt-5.5__zero_shot,roc_auc,1,0.7862375583753951,7
bank,classification,logreg,llm_gpt-5.5__zero_shot,roc_auc,2,0.8053061170338223,7
bank,classification,logreg,llm_gpt-5.5__zero_shot,roc_auc,3,0.7880253472336892,7
bank,classification,logreg,llm_gpt-5.5__zero_shot,roc_auc,4,0.7927084021352985,7
bank,classification,random_forest,llm_gpt-5.5__zero_shot,accuracy,0,0.8926924010682205,7
bank,classification,random_forest,llm_gpt-5.5__zero_shot,accuracy,1,0.8894149065307113,7
bank,classification,random_forest,llm_gpt-5.5__zero_shot,accuracy,2,0.898761835396941,7
bank,classification,random_forest,llm_gpt-5.5__zero_shot,accuracy,3,0.8960786694184776,7
bank,classification,random_forest,llm_gpt-5.5__zero_shot,accuracy,4,0.8947432317591356,7
bank,classification,random_forest,llm_gpt-5.5__zero_shot,f1,0,0.3721590909090909,7
bank,classification,random_forest,llm_gpt-5.5__zero_shot,f1,1,0.3615977575332866,7
bank,classification,random_forest,llm_gpt-5.5__zero_shot,f1,2,0.4279835390946502,7
bank,classification,random_forest,llm_gpt-5.5__zero_shot,f1,3,0.37971014492753624,7
bank,classification,random_forest,llm_gpt-5.5__zero_shot,f1,4,0.3767074047447879,7
bank,classification,random_forest,llm_gpt-5.5__zero_shot,roc_auc,0,0.7744435173828954,7
bank,classification,random_forest,llm_gpt-5.5__zero_shot,roc_auc,1,0.7734419223784141,7
bank,classification,random_forest,llm_gpt-5.5__zero_shot,roc_auc,2,0.7808933351809048,7
bank,classification,random_forest,llm_gpt-5.5__zero_shot,roc_auc,3,0.7764682388505433,7
bank,classification,random_forest,llm_gpt-5.5__zero_shot,roc_auc,4,0.783706082722765,7
bank,classification,xgboost,llm_gpt-5.5__zero_shot,accuracy,0,0.8970623937848993,7
bank,classification,xgboost,llm_gpt-5.5__zero_shot,accuracy,1,0.8953629521728574,7
bank,classification,xgboost,llm_gpt-5.5__zero_shot,accuracy,2,0.9048312697256615,7
bank,classification,xgboost,llm_gpt-5.5__zero_shot,accuracy,3,0.9003277892436566,7
bank,classification,xgboost,llm_gpt-5.5__zero_shot,accuracy,4,0.9005705960908098,7
bank,classification,xgboost,llm_gpt-5.5__zero_shot,f1,0,0.3546423135464231,7
bank,classification,xgboost,llm_gpt-5.5__zero_shot,f1,1,0.35958395245170877,7
bank,classification,xgboost,llm_gpt-5.5__zero_shot,f1,2,0.4294032023289665,7
bank,classification,xgboost,llm_gpt-5.5__zero_shot,f1,3,0.3785011355034065,7
bank,classification,xgboost,llm_gpt-5.5__zero_shot,f1,4,0.3704842428900845,7
bank,classification,xgboost,llm_gpt-5.5__zero_shot,roc_auc,0,0.7879361939242417,7
bank,classification,xgboost,llm_gpt-5.5__zero_shot,roc_auc,1,0.7905206318694278,7
bank,classification,xgboost,llm_gpt-5.5__zero_shot,roc_auc,2,0.8050457863578471,7
bank,classification,xgboost,llm_gpt-5.5__zero_shot,roc_auc,3,0.7975225247805021,7
bank,classification,xgboost,llm_gpt-5.5__zero_shot,roc_auc,4,0.7982000521322319,7
bank,classification,logreg,llm_gpt-5.5__with_stats,accuracy,0,0.8959698956057296,7
bank,classification,logreg,llm_gpt-5.5__with_stats,accuracy,1,0.9003398883224083,7
bank,classification,logreg,llm_gpt-5.5__with_stats,accuracy,2,0.9041029376062151,7
bank,classification,logreg,llm_gpt-5.5__with_stats,accuracy,3,0.8987495447371616,7
bank,classification,logreg,llm_gpt-5.5__with_stats,accuracy,4,0.8987495447371616,7
bank,classification,logreg,llm_gpt-5.5__with_stats,f1,0,0.29348722176422093,7
bank,classification,logreg,llm_gpt-5.5__with_stats,f1,1,0.34267413931144913,7
bank,classification,logreg,llm_gpt-5.5__with_stats,f1,2,0.3941717791411043,7
bank,classification,logreg,llm_gpt-5.5__with_stats,f1,3,0.3359872611464968,7
bank,classification,logreg,llm_gpt-5.5__with_stats,f1,4,0.3285024154589372,7
bank,classification,logreg,llm_gpt-5.5__with_stats,roc_auc,0,0.7887136480494363,7
bank,classification,logreg,llm_gpt-5.5__with_stats,roc_auc,1,0.7856982493277985,7
bank,classification,logreg,llm_gpt-5.5__with_stats,roc_auc,2,0.8057604427095617,7
bank,classification,logreg,llm_gpt-5.5__with_stats,roc_auc,3,0.786969065063856,7
bank,classification,logreg,llm_gpt-5.5__with_stats,roc_auc,4,0.7916685587207081,7
bank,classification,random_forest,llm_gpt-5.5__with_stats,accuracy,0,0.8920854576353484,7
bank,classification,random_forest,llm_gpt-5.5__with_stats,accuracy,1,0.8901432386501578,7
bank,classification,random_forest,llm_gpt-5.5__with_stats,accuracy,2,0.895241563486283,7
bank,classification,random_forest,llm_gpt-5.5__with_stats,accuracy,3,0.8947432317591356,7
bank,classification,random_forest,llm_gpt-5.5__with_stats,accuracy,4,0.8929221804054874,7
bank,classification,random_forest,llm_gpt-5.5__with_stats,f1,0,0.3726182074805928,7
bank,classification,random_forest,llm_gpt-5.5__with_stats,f1,1,0.37196391394864675,7
bank,classification,random_forest,llm_gpt-5.5__with_stats,f1,2,0.41252552756977534,7
bank,classification,random_forest,llm_gpt-5.5__with_stats,f1,3,0.3793843951324266,7
bank,classification,random_forest,llm_gpt-5.5__with_stats,f1,4,0.37623762376237624,7
bank,classification,random_forest,llm_gpt-5.5__with_stats,roc_auc,0,0.7714176523656777,7
bank,classification,random_forest,llm_gpt-5.5__with_stats,roc_auc,1,0.7757349255861126,7
bank,classification,random_forest,llm_gpt-5.5__with_stats,roc_auc,2,0.779909208571159,7
bank,classification,random_forest,llm_gpt-5.5__with_stats,roc_auc,3,0.7732250125022999,7
bank,classification,random_forest,llm_gpt-5.5__with_stats,roc_auc,4,0.7822312388835683,7
bank,classification,xgboost,llm_gpt-5.5__with_stats,accuracy,0,0.8959698956057296,7
bank,classification,xgboost,llm_gpt-5.5__with_stats,accuracy,1,0.8965768390386016,7
bank,classification,xgboost,llm_gpt-5.5__with_stats,accuracy,2,0.9021607186210245,7
bank,classification,xgboost,llm_gpt-5.5__with_stats,accuracy,3,0.9005705960908098,7
bank,classification,xgboost,llm_gpt-5.5__with_stats,accuracy,4,0.9011776132086925,7
bank,classification,xgboost,llm_gpt-5.5__with_stats,f1,0,0.35222978080120937,7
bank,classification,xgboost,llm_gpt-5.5__with_stats,f1,1,0.3698224852071006,7
bank,classification,xgboost,llm_gpt-5.5__with_stats,f1,2,0.41930835734870314,7
bank,classification,xgboost,llm_gpt-5.5__with_stats,f1,3,0.38281838733986434,7
bank,classification,xgboost,llm_gpt-5.5__with_stats,f1,4,0.3870481927710843,7
bank,classification,xgboost,llm_gpt-5.5__with_stats,roc_auc,0,0.794241989598566,7
bank,classification,xgboost,llm_gpt-5.5__with_stats,roc_auc,1,0.7951021422001038,7
bank,classification,xgboost,llm_gpt-5.5__with_stats,roc_auc,2,0.8085174271192037,7
bank,classification,xgboost,llm_gpt-5.5__with_stats,roc_auc,3,0.7984439059543973,7
bank,classification,xgboost,llm_gpt-5.5__with_stats,roc_auc,4,0.8027475425903823,7
bank,classification,logreg,llm_claude-opus-4.6__zero_shot,accuracy,0,0.8963340616654528,5
bank,classification,logreg,llm_claude-opus-4.6__zero_shot,accuracy,1,0.900825443068706,5
bank,classification,logreg,llm_claude-opus-4.6__zero_shot,accuracy,2,0.9048312697256615,5
bank,classification,logreg,llm_claude-opus-4.6__zero_shot,accuracy,3,0.8993565618550443,5
bank,classification,logreg,llm_claude-opus-4.6__zero_shot,accuracy,4,0.8987495447371616,5
bank,classification,logreg,llm_claude-opus-4.6__zero_shot,f1,0,0.29187396351575456,5
bank,classification,logreg,llm_claude-opus-4.6__zero_shot,f1,1,0.3395311236863379,5
bank,classification,logreg,llm_claude-opus-4.6__zero_shot,f1,2,0.39692307692307693,5
bank,classification,logreg,llm_claude-opus-4.6__zero_shot,f1,3,0.3394422310756972,5
bank,classification,logreg,llm_claude-opus-4.6__zero_shot,f1,4,0.3263327948303716,5
bank,classification,logreg,llm_claude-opus-4.6__zero_shot,roc_auc,0,0.7882282183121846,5
bank,classification,logreg,llm_claude-opus-4.6__zero_shot,roc_auc,1,0.7849107711448653,5
bank,classification,logreg,llm_claude-opus-4.6__zero_shot,roc_auc,2,0.8046829302089722,5
bank,classification,logreg,llm_claude-opus-4.6__zero_shot,roc_auc,3,0.7875795842159642,5
bank,classification,logreg,llm_claude-opus-4.6__zero_shot,roc_auc,4,0.7916593441718052,5
bank,classification,random_forest,llm_claude-opus-4.6__zero_shot,accuracy,0,0.8901432386501578,5
bank,classification,random_forest,llm_claude-opus-4.6__zero_shot,accuracy,1,0.8890507404709881,5
bank,classification,random_forest,llm_claude-opus-4.6__zero_shot,accuracy,2,0.895241563486283,5
bank,classification,random_forest,llm_claude-opus-4.6__zero_shot,accuracy,3,0.8940148112176763,5
bank,classification,random_forest,llm_claude-opus-4.6__zero_shot,accuracy,4,0.8934077940997937,5
bank,classification,random_forest,llm_claude-opus-4.6__zero_shot,f1,0,0.3613267466478476,5
bank,classification,random_forest,llm_claude-opus-4.6__zero_shot,f1,1,0.367911479944675,5
bank,classification,random_forest,llm_claude-opus-4.6__zero_shot,f1,2,0.41807147673634526,5
bank,classification,random_forest,llm_claude-opus-4.6__zero_shot,f1,3,0.37687366167023556,5
bank,classification,random_forest,llm_claude-opus-4.6__zero_shot,f1,4,0.37106017191977075,5
bank,classification,random_forest,llm_claude-opus-4.6__zero_shot,roc_auc,0,0.7691535420302845,5
bank,classification,random_forest,llm_claude-opus-4.6__zero_shot,roc_auc,1,0.77534037572527,5
bank,classification,random_forest,llm_claude-opus-4.6__zero_shot,roc_auc,2,0.7794049100193406,5
bank,classification,random_forest,llm_claude-opus-4.6__zero_shot,roc_auc,3,0.7717257685376083,5
bank,classification,random_forest,llm_claude-opus-4.6__zero_shot,roc_auc,4,0.7799185345417318,5
bank,classification,xgboost,llm_claude-opus-4.6__zero_shot,accuracy,0,0.8956057295460063,5
bank,classification,xgboost,llm_claude-opus-4.6__zero_shot,accuracy,1,0.8964554503520272,5
bank,classification,xgboost,llm_claude-opus-4.6__zero_shot,accuracy,2,0.9037387715464918,5
bank,classification,xgboost,llm_claude-opus-4.6__zero_shot,accuracy,3,0.9006919995143863,5
bank,classification,xgboost,llm_claude-opus-4.6__zero_shot,accuracy,4,0.8994779652786209,5
bank,classification,xgboost,llm_claude-opus-4.6__zero_shot,f1,0,0.3494704992435703,5
bank,classification,xgboost,llm_claude-opus-4.6__zero_shot,f1,1,0.36767976278724984,5
bank,classification,xgboost,llm_claude-opus-4.6__zero_shot,f1,2,0.43072505384063176,5
bank,classification,xgboost,llm_claude-opus-4.6__zero_shot,f1,3,0.3803030303030303,5
bank,classification,xgboost,llm_claude-opus-4.6__zero_shot,f1,4,0.3640552995391705,5
bank,classification,xgboost,llm_claude-opus-4.6__zero_shot,roc_auc,0,0.791722339497146,5
bank,classification,xgboost,llm_claude-opus-4.6__zero_shot,roc_auc,1,0.7940853636964008,5
bank,classification,xgboost,llm_claude-opus-4.6__zero_shot,roc_auc,2,0.808622458606538,5
bank,classification,xgboost,llm_claude-opus-4.6__zero_shot,roc_auc,3,0.7988555382829859,5
bank,classification,xgboost,llm_claude-opus-4.6__zero_shot,roc_auc,4,0.8015581286180005,5
bank,classification,logreg,llm_claude-opus-4.6__with_stats,accuracy,0,0.8957271182325808,5
bank,classification,logreg,llm_claude-opus-4.6__with_stats,accuracy,1,0.900825443068706,5
bank,classification,logreg,llm_claude-opus-4.6__with_stats,accuracy,2,0.9036173828599174,5
bank,classification,logreg,llm_claude-opus-4.6__with_stats,accuracy,3,0.898628141313585,5
bank,classification,logreg,llm_claude-opus-4.6__with_stats,accuracy,4,0.8988709481607381,5
bank,classification,logreg,llm_claude-opus-4.6__with_stats,f1,0,0.29300411522633746,5
bank,classification,logreg,llm_claude-opus-4.6__with_stats,f1,1,0.3437751004016064,5
bank,classification,logreg,llm_claude-opus-4.6__with_stats,f1,2,0.39203675344563554,5
bank,classification,logreg,llm_claude-opus-4.6__with_stats,f1,3,0.33992094861660077,5
bank,classification,logreg,llm_claude-opus-4.6__with_stats,f1,4,0.3265966046887631,5
bank,classification,logreg,llm_claude-opus-4.6__with_stats,roc_auc,0,0.7896001138025379,5
bank,classification,logreg,llm_claude-opus-4.6__with_stats,roc_auc,1,0.7857346602434077,5
bank,classification,logreg,llm_claude-opus-4.6__with_stats,roc_auc,2,0.8054973111939242,5
bank,classification,logreg,llm_claude-opus-4.6__with_stats,roc_auc,3,0.7872938594835841,5
bank,classification,logreg,llm_claude-opus-4.6__with_stats,roc_auc,4,0.7917528165558759,5
bank,classification,random_forest,llm_claude-opus-4.6__with_stats,accuracy,0,0.8928137897547949,5
bank,classification,random_forest,llm_claude-opus-4.6__with_stats,accuracy,1,0.8902646273367322,5
bank,classification,random_forest,llm_claude-opus-4.6__with_stats,accuracy,2,0.8962126729788784,5
bank,classification,random_forest,llm_claude-opus-4.6__with_stats,accuracy,3,0.8935291975233701,5
bank,classification,random_forest,llm_claude-opus-4.6__with_stats,accuracy,4,0.8923151632876047,5
bank,classification,random_forest,llm_claude-opus-4.6__with_stats,f1,0,0.3715302491103203,5
bank,classification,random_forest,llm_claude-opus-4.6__with_stats,f1,1,0.3695955369595537,5
bank,classification,random_forest,llm_claude-opus-4.6__with_stats,f1,2,0.42033898305084744,5
bank,classification,random_forest,llm_claude-opus-4.6__with_stats,f1,3,0.36218181818181816,5
bank,classification,random_forest,llm_claude-opus-4.6__with_stats,f1,4,0.3677833214540271,5
bank,classification,random_forest,llm_claude-opus-4.6__with_stats,roc_auc,0,0.7698214685834237,5
bank,classification,random_forest,llm_claude-opus-4.6__with_stats,roc_auc,1,0.7777608908439076,5
bank,classification,random_forest,llm_claude-opus-4.6__with_stats,roc_auc,2,0.7806469349969338,5
bank,classification,random_forest,llm_claude-opus-4.6__with_stats,roc_auc,3,0.7732472748524494,5
bank,classification,random_forest,llm_claude-opus-4.6__with_stats,roc_auc,4,0.7819750744240687,5
bank,classification,xgboost,llm_claude-opus-4.6__with_stats,accuracy,0,0.8973051711580481,5
bank,classification,xgboost,llm_claude-opus-4.6__with_stats,accuracy,1,0.8953629521728574,5
bank,classification,xgboost,llm_claude-opus-4.6__with_stats,accuracy,2,0.9041029376062151,5
bank,classification,xgboost,llm_claude-opus-4.6__with_stats,accuracy,3,0.9014204200558456,5
bank,classification,xgboost,llm_claude-opus-4.6__with_stats,accuracy,4,0.9008134029379629,5
bank,classification,xgboost,llm_claude-opus-4.6__with_stats,f1,0,0.3551829268292683,5
bank,classification,xgboost,llm_claude-opus-4.6__with_stats,f1,1,0.3624260355029586,5
bank,classification,xgboost,llm_claude-opus-4.6__with_stats,f1,2,0.430835734870317,5
bank,classification,xgboost,llm_claude-opus-4.6__with_stats,f1,3,0.3829787234042553,5
bank,classification,xgboost,llm_claude-opus-4.6__with_stats,f1,4,0.36715724244771497,5
bank,classification,xgboost,llm_claude-opus-4.6__with_stats,roc_auc,0,0.7903288480588706,5
bank,classification,xgboost,llm_claude-opus-4.6__with_stats,roc_auc,1,0.7904405131138261,5
bank,classification,xgboost,llm_claude-opus-4.6__with_stats,roc_auc,2,0.8079647035237512,5
bank,classification,xgboost,llm_claude-opus-4.6__with_stats,roc_auc,3,0.7975416173258288,5
bank,classification,xgboost,llm_claude-opus-4.6__with_stats,roc_auc,4,0.7982888803836554,5
bank,classification,logreg,llm_gemini-3.1-pro__zero_shot,accuracy,0,0.8963340616654528,5
bank,classification,logreg,llm_gemini-3.1-pro__zero_shot,accuracy,1,0.9010682204418549,5
bank,classification,logreg,llm_gemini-3.1-pro__zero_shot,accuracy,2,0.9053168244719592,5
bank,classification,logreg,llm_gemini-3.1-pro__zero_shot,accuracy,3,0.8995993687021974,5
bank,classification,logreg,llm_gemini-3.1-pro__zero_shot,accuracy,4,0.8987495447371616,5
bank,classification,logreg,llm_gemini-3.1-pro__zero_shot,f1,0,0.29187396351575456,5
bank,classification,logreg,llm_gemini-3.1-pro__zero_shot,f1,1,0.34432823813354785,5
bank,classification,logreg,llm_gemini-3.1-pro__zero_shot,f1,2,0.39814814814814814,5
bank,classification,logreg,llm_gemini-3.1-pro__zero_shot,f1,3,0.3420843277645187,5
bank,classification,logreg,llm_gemini-3.1-pro__zero_shot,f1,4,0.32524271844660196,5
bank,classification,logreg,llm_gemini-3.1-pro__zero_shot,roc_auc,0,0.7889407371809991,5
bank,classification,logreg,llm_gemini-3.1-pro__zero_shot,roc_auc,1,0.7841919872399642,5
bank,classification,logreg,llm_gemini-3.1-pro__zero_shot,roc_auc,2,0.8041710399075428,5
bank,classification,logreg,llm_gemini-3.1-pro__zero_shot,roc_auc,3,0.7876216025589613,5
bank,classification,logreg,llm_gemini-3.1-pro__zero_shot,roc_auc,4,0.7916614082307595,5
bank,classification,random_forest,llm_gemini-3.1-pro__zero_shot,accuracy,0,0.8934207331876669,5
bank,classification,random_forest,llm_gemini-3.1-pro__zero_shot,accuracy,1,0.8908715707696043,5
bank,classification,random_forest,llm_gemini-3.1-pro__zero_shot,accuracy,2,0.896091284292304,5
bank,classification,random_forest,llm_gemini-3.1-pro__zero_shot,accuracy,3,0.8955930557241715,5
bank,classification,random_forest,llm_gemini-3.1-pro__zero_shot,accuracy,4,0.8942576180648294,5
bank,classification,random_forest,llm_gemini-3.1-pro__zero_shot,f1,0,0.3683453237410072,5
bank,classification,random_forest,llm_gemini-3.1-pro__zero_shot,f1,1,0.37871458189357293,5
bank,classification,random_forest,llm_gemini-3.1-pro__zero_shot,f1,2,0.41768707482993195,5
bank,classification,random_forest,llm_gemini-3.1-pro__zero_shot,f1,3,0.3804034582132565,5
bank,classification,random_forest,llm_gemini-3.1-pro__zero_shot,f1,4,0.3783012134189864,5
bank,classification,random_forest,llm_gemini-3.1-pro__zero_shot,roc_auc,0,0.7720575705221944,5
bank,classification,random_forest,llm_gemini-3.1-pro__zero_shot,roc_auc,1,0.771340555568659,5
bank,classification,random_forest,llm_gemini-3.1-pro__zero_shot,roc_auc,2,0.7786162525354969,5
bank,classification,random_forest,llm_gemini-3.1-pro__zero_shot,roc_auc,3,0.7729203426573756,5
bank,classification,random_forest,llm_gemini-3.1-pro__zero_shot,roc_auc,4,0.7816456358716934,5
bank,classification,xgboost,llm_gemini-3.1-pro__zero_shot,accuracy,0,0.8975479485311969,5
bank,classification,xgboost,llm_gemini-3.1-pro__zero_shot,accuracy,1,0.8956057295460063,5
bank,classification,xgboost,llm_gemini-3.1-pro__zero_shot,accuracy,2,0.9049526584122359,5
bank,classification,xgboost,llm_gemini-3.1-pro__zero_shot,accuracy,3,0.9008134029379629,5
bank,classification,xgboost,llm_gemini-3.1-pro__zero_shot,accuracy,4,0.8989923515843147,5
bank,classification,xgboost,llm_gemini-3.1-pro__zero_shot,f1,0,0.36731634182908546,5
bank,classification,xgboost,llm_gemini-3.1-pro__zero_shot,f1,1,0.36578171091445427,5
bank,classification,xgboost,llm_gemini-3.1-pro__zero_shot,f1,2,0.42804967129291455,5
bank,classification,xgboost,llm_gemini-3.1-pro__zero_shot,f1,3,0.37870722433460074,5
bank,classification,xgboost,llm_gemini-3.1-pro__zero_shot,f1,4,0.36585365853658536,5
bank,classification,xgboost,llm_gemini-3.1-pro__zero_shot,roc_auc,0,0.7887622942119911,5
bank,classification,xgboost,llm_gemini-3.1-pro__zero_shot,roc_auc,1,0.7885884947403179,5
bank,classification,xgboost,llm_gemini-3.1-pro__zero_shot,roc_auc,2,0.8094445787537148,5
bank,classification,xgboost,llm_gemini-3.1-pro__zero_shot,roc_auc,3,0.7972481523723705,5
bank,classification,xgboost,llm_gemini-3.1-pro__zero_shot,roc_auc,4,0.8007830744806828,5
bank,classification,logreg,llm_gemini-3.1-pro__with_stats,accuracy,0,0.896091284292304,6
bank,classification,logreg,llm_gemini-3.1-pro__with_stats,accuracy,1,0.9004612770089827,6
bank,classification,logreg,llm_gemini-3.1-pro__with_stats,accuracy,2,0.9044671036659383,6
bank,classification,logreg,llm_gemini-3.1-pro__with_stats,accuracy,3,0.898628141313585,6
bank,classification,logreg,llm_gemini-3.1-pro__with_stats,accuracy,4,0.8992351584314677,6
bank,classification,logreg,llm_gemini-3.1-pro__with_stats,f1,0,0.29372937293729373,6
bank,classification,logreg,llm_gemini-3.1-pro__with_stats,f1,1,0.3408360128617363,6
bank,classification,logreg,llm_gemini-3.1-pro__with_stats,f1,2,0.39414934565050036,6
bank,classification,logreg,llm_gemini-3.1-pro__with_stats,f1,3,0.34200157604412923,6
bank,classification,logreg,llm_gemini-3.1-pro__with_stats,f1,4,0.33064516129032256,6
bank,classification,logreg,llm_gemini-3.1-pro__with_stats,roc_auc,0,0.7893314543138827,6
bank,classification,logreg,llm_gemini-3.1-pro__with_stats,roc_auc,1,0.7860232941412332,6
bank,classification,logreg,llm_gemini-3.1-pro__with_stats,roc_auc,2,0.8053449602575594,6
bank,classification,logreg,llm_gemini-3.1-pro__with_stats,roc_auc,3,0.787923397464628,6
bank,classification,logreg,llm_gemini-3.1-pro__with_stats,roc_auc,4,0.7920933125669344,6
bank,classification,random_forest,llm_gemini-3.1-pro__with_stats,accuracy,0,0.8923282350084972,6
bank,classification,random_forest,llm_gemini-3.1-pro__with_stats,accuracy,1,0.8890507404709881,6
bank,classification,random_forest,llm_gemini-3.1-pro__with_stats,accuracy,2,0.8959698956057296,6
bank,classification,random_forest,llm_gemini-3.1-pro__with_stats,accuracy,3,0.8948646351827122,6
bank,classification,random_forest,llm_gemini-3.1-pro__with_stats,accuracy,4,0.8932863906762171,6
bank,classification,random_forest,llm_gemini-3.1-pro__with_stats,f1,0,0.36506800286327845,6
bank,classification,random_forest,llm_gemini-3.1-pro__with_stats,f1,1,0.36262203626220363,6
bank,classification,random_forest,llm_gemini-3.1-pro__with_stats,f1,2,0.4150170648464164,6
bank,classification,random_forest,llm_gemini-3.1-pro__with_stats,f1,3,0.37337192474674386,6
bank,classification,random_forest,llm_gemini-3.1-pro__with_stats,f1,4,0.367170626349892,6
bank,classification,random_forest,llm_gemini-3.1-pro__with_stats,roc_auc,0,0.7674268980848155,6
bank,classification,random_forest,llm_gemini-3.1-pro__with_stats,roc_auc,1,0.7773515997216851,6
bank,classification,random_forest,llm_gemini-3.1-pro__with_stats,roc_auc,2,0.7824974055379971,6
bank,classification,random_forest,llm_gemini-3.1-pro__with_stats,roc_auc,3,0.7763115178028034,6
bank,classification,random_forest,llm_gemini-3.1-pro__with_stats,roc_auc,4,0.7803439518354791,6
bank,classification,xgboost,llm_gemini-3.1-pro__with_stats,accuracy,0,0.8974265598446225,6
bank,classification,xgboost,llm_gemini-3.1-pro__with_stats,accuracy,1,0.8958485069191552,6
bank,classification,xgboost,llm_gemini-3.1-pro__with_stats,accuracy,2,0.9038601602330663,6
bank,classification,xgboost,llm_gemini-3.1-pro__with_stats,accuracy,3,0.8988709481607381,6
bank,classification,xgboost,llm_gemini-3.1-pro__with_stats,accuracy,4,0.8994779652786209,6
bank,classification,xgboost,llm_gemini-3.1-pro__with_stats,f1,0,0.36418359668924005,6
bank,classification,xgboost,llm_gemini-3.1-pro__with_stats,f1,1,0.36444444444444446,6
bank,classification,xgboost,llm_gemini-3.1-pro__with_stats,f1,2,0.4260869565217391,6
bank,classification,xgboost,llm_gemini-3.1-pro__with_stats,f1,3,0.36941710825132473,6
bank,classification,xgboost,llm_gemini-3.1-pro__with_stats,f1,4,0.3669724770642202,6
bank,classification,xgboost,llm_gemini-3.1-pro__with_stats,roc_auc,0,0.7890210770555215,6
bank,classification,xgboost,llm_gemini-3.1-pro__with_stats,roc_auc,1,0.7897171594178971,6
bank,classification,xgboost,llm_gemini-3.1-pro__with_stats,roc_auc,2,0.809419076371527,6
bank,classification,xgboost,llm_gemini-3.1-pro__with_stats,roc_auc,3,0.7973165611834252,6
bank,classification,xgboost,llm_gemini-3.1-pro__with_stats,roc_auc,4,0.8019009098371871,6
bank,classification,logreg,llm_deepseek-v4__zero_shot,accuracy,0,0.8963340616654528,6
bank,classification,logreg,llm_deepseek-v4__zero_shot,accuracy,1,0.9007040543821316,6
bank,classification,logreg,llm_deepseek-v4__zero_shot,accuracy,2,0.9056809905316825,6
bank,classification,logreg,llm_deepseek-v4__zero_shot,accuracy,3,0.8989923515843147,6
bank,classification,logreg,llm_deepseek-v4__zero_shot,accuracy,4,0.8987495447371616,6
bank,classification,logreg,llm_deepseek-v4__zero_shot,f1,0,0.2988505747126437,6
bank,classification,logreg,llm_deepseek-v4__zero_shot,f1,1,0.3456,6
bank,classification,logreg,llm_deepseek-v4__zero_shot,f1,2,0.4,6
bank,classification,logreg,llm_deepseek-v4__zero_shot,f1,3,0.34072900158478603,6
bank,classification,logreg,llm_deepseek-v4__zero_shot,f1,4,0.3306581059390048,6
bank,classification,logreg,llm_deepseek-v4__zero_shot,roc_auc,0,0.7892451442285012,6
bank,classification,logreg,llm_deepseek-v4__zero_shot,roc_auc,1,0.7839505253785558,6
bank,classification,logreg,llm_deepseek-v4__zero_shot,roc_auc,2,0.8045345594131798,6
bank,classification,logreg,llm_deepseek-v4__zero_shot,roc_auc,3,0.7870874535881601,6
bank,classification,logreg,llm_deepseek-v4__zero_shot,roc_auc,4,0.7918820413896897,6
bank,classification,random_forest,llm_deepseek-v4__zero_shot,accuracy,0,0.892571012381646,6
bank,classification,random_forest,llm_deepseek-v4__zero_shot,accuracy,1,0.8886865744112649,6
bank,classification,random_forest,llm_deepseek-v4__zero_shot,accuracy,2,0.8953629521728574,6
bank,classification,random_forest,llm_deepseek-v4__zero_shot,accuracy,3,0.8948646351827122,6
bank,classification,random_forest,llm_deepseek-v4__zero_shot,accuracy,4,0.8915867427461455,6
bank,classification,random_forest,llm_deepseek-v4__zero_shot,f1,0,0.3683083511777302,6
bank,classification,random_forest,llm_deepseek-v4__zero_shot,f1,1,0.3645183645183645,6
bank,classification,random_forest,llm_deepseek-v4__zero_shot,f1,2,0.41360544217687073,6
bank,classification,random_forest,llm_deepseek-v4__zero_shot,f1,3,0.3760806916426513,6
bank,classification,random_forest,llm_deepseek-v4__zero_shot,f1,4,0.3580158159597412,6
bank,classification,random_forest,llm_deepseek-v4__zero_shot,roc_auc,0,0.7682163663380348,6
bank,classification,random_forest,llm_deepseek-v4__zero_shot,roc_auc,1,0.7700745023350157,6
bank,classification,random_forest,llm_deepseek-v4__zero_shot,roc_auc,2,0.7802637359073543,6
bank,classification,random_forest,llm_deepseek-v4__zero_shot,roc_auc,3,0.7704387540632475,6
bank,classification,random_forest,llm_deepseek-v4__zero_shot,roc_auc,4,0.7784328543930251,6
bank,classification,xgboost,llm_deepseek-v4__zero_shot,accuracy,0,0.8964554503520272,6
bank,classification,xgboost,llm_deepseek-v4__zero_shot,accuracy,1,0.8968196164117505,6
bank,classification,xgboost,llm_deepseek-v4__zero_shot,accuracy,2,0.9039815489196407,6
bank,classification,xgboost,llm_deepseek-v4__zero_shot,accuracy,3,0.9011776132086925,6
bank,classification,xgboost,llm_deepseek-v4__zero_shot,accuracy,4,0.899963578972927,6
bank,classification,xgboost,llm_deepseek-v4__zero_shot,f1,0,0.35525321239606955,6
bank,classification,xgboost,llm_deepseek-v4__zero_shot,f1,1,0.37315634218289084,6
bank,classification,xgboost,llm_deepseek-v4__zero_shot,f1,2,0.42304886943836617,6
bank,classification,xgboost,llm_deepseek-v4__zero_shot,f1,3,0.38145896656534956,6
bank,classification,xgboost,llm_deepseek-v4__zero_shot,f1,4,0.36809815950920244,6
bank,classification,xgboost,llm_deepseek-v4__zero_shot,roc_auc,0,0.7909908044011509,6
bank,classification,xgboost,llm_deepseek-v4__zero_shot,roc_auc,1,0.7892968860559461,6
bank,classification,xgboost,llm_deepseek-v4__zero_shot,roc_auc,2,0.8118543327515448,6
bank,classification,xgboost,llm_deepseek-v4__zero_shot,roc_auc,3,0.7971617567618571,6
bank,classification,xgboost,llm_deepseek-v4__zero_shot,roc_auc,4,0.8016544759413289,6
bank,classification,logreg,llm_deepseek-v4__with_stats,accuracy,0,0.8963340616654528,7
bank,classification,logreg,llm_deepseek-v4__with_stats,accuracy,1,0.900825443068706,7
bank,classification,logreg,llm_deepseek-v4__with_stats,accuracy,2,0.9047098810390871,7
bank,classification,logreg,llm_deepseek-v4__with_stats,accuracy,3,0.8994779652786209,7
bank,classification,logreg,llm_deepseek-v4__with_stats,accuracy,4,0.898628141313585,7
bank,classification,logreg,llm_deepseek-v4__with_stats,f1,0,0.2895174708818636,7
bank,classification,logreg,llm_deepseek-v4__with_stats,f1,1,0.3395311236863379,7
bank,classification,logreg,llm_deepseek-v4__with_stats,f1,2,0.3938223938223938,7
bank,classification,logreg,llm_deepseek-v4__with_stats,f1,3,0.34076433121019106,7
bank,classification,logreg,llm_deepseek-v4__with_stats,f1,4,0.3249797898140663,7
bank,classification,logreg,llm_deepseek-v4__with_stats,roc_auc,0,0.7886428899948111,7
bank,classification,logreg,llm_deepseek-v4__with_stats,roc_auc,1,0.7853678976602669,7
bank,classification,logreg,llm_deepseek-v4__with_stats,roc_auc,2,0.8042459255153545,7
bank,classification,logreg,llm_deepseek-v4__with_stats,roc_auc,3,0.7878312519755993,7
bank,classification,logreg,llm_deepseek-v4__with_stats,roc_auc,4,0.7916413573723468,7
bank,classification,random_forest,llm_deepseek-v4__with_stats,accuracy,0,0.891964068948774,7
bank,classification,random_forest,llm_deepseek-v4__with_stats,accuracy,1,0.890507404709881,7
bank,classification,random_forest,llm_deepseek-v4__with_stats,accuracy,2,0.8949987861131342,7
bank,classification,random_forest,llm_deepseek-v4__with_stats,accuracy,3,0.8938934077940998,7
bank,classification,random_forest,llm_deepseek-v4__with_stats,accuracy,4,0.8928007769819108,7
bank,classification,random_forest,llm_deepseek-v4__with_stats,f1,0,0.3660968660968661,7
bank,classification,random_forest,llm_deepseek-v4__with_stats,f1,1,0.37273991655076494,7
bank,classification,random_forest,llm_deepseek-v4__with_stats,f1,2,0.4151453684922245,7
bank,classification,random_forest,llm_deepseek-v4__with_stats,f1,3,0.37212643678160917,7
bank,classification,random_forest,llm_deepseek-v4__with_stats,f1,4,0.36611629576453697,7
bank,classification,random_forest,llm_deepseek-v4__with_stats,roc_auc,0,0.7662781115854521,7
bank,classification,random_forest,llm_deepseek-v4__with_stats,roc_auc,1,0.7742076572008113,7
bank,classification,random_forest,llm_deepseek-v4__with_stats,roc_auc,2,0.7830451171045806,7
bank,classification,random_forest,llm_deepseek-v4__with_stats,roc_auc,3,0.7722045564986011,7
bank,classification,random_forest,llm_deepseek-v4__with_stats,roc_auc,4,0.7802167173442286,7
bank,classification,xgboost,llm_deepseek-v4__with_stats,accuracy,0,0.8974265598446225,7
bank,classification,xgboost,llm_deepseek-v4__with_stats,accuracy,1,0.8958485069191552,7
bank,classification,xgboost,llm_deepseek-v4__with_stats,accuracy,2,0.9038601602330663,7
bank,classification,xgboost,llm_deepseek-v4__with_stats,accuracy,3,0.8988709481607381,7
bank,classification,xgboost,llm_deepseek-v4__with_stats,accuracy,4,0.8995993687021974,7
bank,classification,xgboost,llm_deepseek-v4__with_stats,f1,0,0.36418359668924005,7
bank,classification,xgboost,llm_deepseek-v4__with_stats,f1,1,0.36444444444444446,7
bank,classification,xgboost,llm_deepseek-v4__with_stats,f1,2,0.4260869565217391,7
bank,classification,xgboost,llm_deepseek-v4__with_stats,f1,3,0.36941710825132473,7
bank,classification,xgboost,llm_deepseek-v4__with_stats,f1,4,0.3691838291380625,7
bank,classification,xgboost,llm_deepseek-v4__with_stats,roc_auc,0,0.7890175391527903,7
bank,classification,xgboost,llm_deepseek-v4__with_stats,roc_auc,1,0.7897171594178971,7
bank,classification,xgboost,llm_deepseek-v4__with_stats,roc_auc,2,0.8094082415444125,7
bank,classification,xgboost,llm_deepseek-v4__with_stats,roc_auc,3,0.7973125804982991,7
bank,classification,xgboost,llm_deepseek-v4__with_stats,roc_auc,4,0.8004438316482749,7
